Rewards,Mean Reward
-21.0,-21.0
-20.0,-20.5
-21.0,-20.666666666666668
-20.0,-20.5
-21.0,-20.6
-21.0,-20.666666666666668
-20.0,-20.571428571428573
-21.0,-20.625
-19.0,-20.444444444444443
-21.0,-20.5
-19.0,-20.363636363636363
-20.0,-20.333333333333332
-19.0,-20.23076923076923
-20.0,-20.214285714285715
-21.0,-20.266666666666666
-21.0,-20.3125
-19.0,-20.235294117647058
-19.0,-20.166666666666668
-21.0,-20.210526315789473
-21.0,-20.25
-19.0,-20.19047619047619
-20.0,-20.181818181818183
-21.0,-20.217391304347824
-21.0,-20.25
-21.0,-20.28
-20.0,-20.26923076923077
-21.0,-20.296296296296298
-19.0,-20.25
-20.0,-20.24137931034483
-21.0,-20.266666666666666
-20.0,-20.258064516129032
-20.0,-20.25
-20.0,-20.242424242424242
-21.0,-20.264705882352942
-20.0,-20.257142857142856
-19.0,-20.22222222222222
-20.0,-20.216216216216218
-20.0,-20.210526315789473
-21.0,-20.23076923076923
-20.0,-20.225
-19.0,-20.195121951219512
-20.0,-20.19047619047619
-20.0,-20.186046511627907
-21.0,-20.204545454545453
-21.0,-20.22222222222222
-20.0,-20.217391304347824
-21.0,-20.23404255319149
-21.0,-20.25
-19.0,-20.224489795918366
-21.0,-20.24
-20.0,-20.235294117647058
-20.0,-20.23076923076923
-20.0,-20.22641509433962
-21.0,-20.24074074074074
-20.0,-20.236363636363638
-20.0,-20.232142857142858
-19.0,-20.210526315789473
-21.0,-20.224137931034484
-19.0,-20.203389830508474
-19.0,-20.183333333333334
-20.0,-20.18032786885246
-21.0,-20.193548387096776
-20.0,-20.19047619047619
-21.0,-20.203125
-20.0,-20.2
-21.0,-20.21212121212121
-21.0,-20.223880597014926
-20.0,-20.220588235294116
-19.0,-20.202898550724637
-20.0,-20.2
-19.0,-20.183098591549296
-20.0,-20.180555555555557
-20.0,-20.17808219178082
-21.0,-20.18918918918919
-21.0,-20.2
-21.0,-20.210526315789473
-20.0,-20.207792207792206
-21.0,-20.21794871794872
-20.0,-20.21518987341772
-20.0,-20.2125
-19.0,-20.19753086419753
-20.0,-20.195121951219512
-21.0,-20.204819277108435
-20.0,-20.202380952380953
-20.0,-20.2
-21.0,-20.209302325581394
-19.0,-20.195402298850574
-21.0,-20.204545454545453
-21.0,-20.213483146067414
-21.0,-20.22222222222222
-21.0,-20.23076923076923
-20.0,-20.22826086956522
-21.0,-20.236559139784948
-20.0,-20.23404255319149
-20.0,-20.231578947368423
-20.0,-20.229166666666668
-21.0,-20.237113402061855
-20.0,-20.23469387755102
-18.0,-20.21212121212121
-20.0,-20.21
-20.0,-20.207920792079207
-20.0,-20.205882352941178
-19.0,-20.194174757281555
-21.0,-20.201923076923077
-21.0,-20.20952380952381
-20.0,-20.20754716981132
-21.0,-20.214953271028037
-20.0,-20.212962962962962
-19.0,-20.201834862385322
-21.0,-20.20909090909091
-18.0,-20.18918918918919
-20.0,-20.1875
-21.0,-20.194690265486727
-21.0,-20.20175438596491
-21.0,-20.208695652173912
-20.0,-20.20689655172414
-20.0,-20.205128205128204
-20.0,-20.203389830508474
-20.0,-20.201680672268907
-19.0,-20.191666666666666
-20.0,-20.1900826446281
-18.0,-20.172131147540984
-18.0,-20.15447154471545
-21.0,-20.161290322580644
-21.0,-20.168
-21.0,-20.174603174603174
-21.0,-20.181102362204726
-20.0,-20.1796875
-20.0,-20.17829457364341
-19.0,-20.16923076923077
-20.0,-20.16793893129771
-19.0,-20.15909090909091
-21.0,-20.165413533834588
-19.0,-20.15671641791045
-21.0,-20.16296296296296
-20.0,-20.16176470588235
-21.0,-20.16788321167883
-21.0,-20.17391304347826
-19.0,-20.165467625899282
-21.0,-20.17142857142857
-21.0,-20.177304964539008
-20.0,-20.176056338028168
-20.0,-20.174825174825173
-21.0,-20.180555555555557
-20.0,-20.179310344827588
-20.0,-20.17808219178082
-20.0,-20.17687074829932
-19.0,-20.16891891891892
-21.0,-20.174496644295303
-19.0,-20.166666666666668
-20.0,-20.165562913907284
-21.0,-20.17105263157895
-21.0,-20.176470588235293
-21.0,-20.181818181818183
-20.0,-20.18064516129032
-20.0,-20.17948717948718
-20.0,-20.178343949044585
-21.0,-20.18354430379747
-21.0,-20.18867924528302
-20.0,-20.1875
-18.0,-20.17391304347826
-18.0,-20.160493827160494
-21.0,-20.165644171779142
-19.0,-20.158536585365855
-19.0,-20.151515151515152
-20.0,-20.150602409638555
-19.0,-20.143712574850298
-21.0,-20.148809523809526
-19.0,-20.142011834319526
-19.0,-20.13529411764706
-21.0,-20.140350877192983
-20.0,-20.13953488372093
-21.0,-20.14450867052023
-21.0,-20.149425287356323
-19.0,-20.142857142857142
-21.0,-20.147727272727273
-20.0,-20.146892655367232
-20.0,-20.146067415730336
-19.0,-20.139664804469273
-21.0,-20.144444444444446
-21.0,-20.14917127071823
-20.0,-20.14835164835165
-21.0,-20.153005464480874
-20.0,-20.152173913043477
-20.0,-20.15135135135135
-21.0,-20.155913978494624
-20.0,-20.155080213903744
-20.0,-20.154255319148938
-21.0,-20.158730158730158
-21.0,-20.16315789473684
-18.0,-20.151832460732983
-20.0,-20.151041666666668
-20.0,-20.150259067357513
-20.0,-20.149484536082475
-20.0,-20.148717948717948
-18.0,-20.137755102040817
-19.0,-20.131979695431472
-20.0,-20.13131313131313
-20.0,-20.13065326633166
-21.0,-20.135
-20.0,-20.134328358208954
-19.0,-20.128712871287128
-20.0,-20.12807881773399
-19.0,-20.122549019607842
-21.0,-20.12682926829268
-21.0,-20.131067961165048
-20.0,-20.130434782608695
-20.0,-20.129807692307693
-20.0,-20.129186602870814
-20.0,-20.12857142857143
-20.0,-20.127962085308056
-20.0,-20.12735849056604
-19.0,-20.122065727699532
-19.0,-20.11682242990654
-21.0,-20.12093023255814
-20.0,-20.12037037037037
-21.0,-20.12442396313364
-19.0,-20.119266055045873
-20.0,-20.118721461187214
-20.0,-20.118181818181817
-20.0,-20.11764705882353
-20.0,-20.117117117117118
-21.0,-20.121076233183857
-20.0,-20.120535714285715
-20.0,-20.12
-21.0,-20.123893805309734
-20.0,-20.123348017621144
-19.0,-20.11842105263158
-21.0,-20.12227074235808
-21.0,-20.12608695652174
-20.0,-20.125541125541126
-21.0,-20.129310344827587
-21.0,-20.13304721030043
-21.0,-20.136752136752136
-19.0,-20.131914893617022
-20.0,-20.13135593220339
-21.0,-20.135021097046412
-19.0,-20.130252100840337
-21.0,-20.13389121338912
-20.0,-20.133333333333333
-20.0,-20.13278008298755
-20.0,-20.132231404958677
-20.0,-20.131687242798353
-20.0,-20.131147540983605
-21.0,-20.13469387755102
-20.0,-20.134146341463413
-20.0,-20.133603238866396
-21.0,-20.137096774193548
-20.0,-20.136546184738958
-20.0,-20.136
-20.0,-20.13545816733068
-20.0,-20.134920634920636
-19.0,-20.130434782608695
-21.0,-20.133858267716537
-20.0,-20.133333333333333
-21.0,-20.13671875
-21.0,-20.140077821011673
-18.0,-20.131782945736433
-19.0,-20.127413127413128
-19.0,-20.123076923076923
-21.0,-20.126436781609197
-20.0,-20.125954198473284
-18.0,-20.11787072243346
-20.0,-20.117424242424242
-21.0,-20.120754716981132
-19.0,-20.116541353383457
-21.0,-20.119850187265918
-19.0,-20.115671641791046
-19.0,-20.111524163568774
-21.0,-20.114814814814814
-19.0,-20.11070110701107
-20.0,-20.110294117647058
-21.0,-20.113553113553113
-20.0,-20.113138686131386
-19.0,-20.10909090909091
-21.0,-20.11231884057971
-17.0,-20.101083032490976
-21.0,-20.10431654676259
-21.0,-20.107526881720432
-19.0,-20.103571428571428
-20.0,-20.10320284697509
-21.0,-20.106382978723403
-20.0,-20.10600706713781
-21.0,-20.109154929577464
-19.0,-20.105263157894736
-20.0,-20.104895104895103
-21.0,-20.10801393728223
-20.0,-20.10763888888889
-20.0,-20.10726643598616
-20.0,-20.106896551724137
-19.0,-20.103092783505154
-20.0,-20.102739726027398
-21.0,-20.10580204778157
-20.0,-20.10544217687075
-21.0,-20.108474576271185
-21.0,-20.111486486486488
-19.0,-20.107744107744107
-20.0,-20.107382550335572
-17.0,-20.096989966555185
-21.0,-20.1
-21.0,-20.102990033222593
-21.0,-20.105960264900663
-20.0,-20.105610561056107
-21.0,-20.10855263157895
-21.0,-20.111475409836064
-20.0,-20.11111111111111
-21.0,-20.11400651465798
-19.0,-20.11038961038961
-19.0,-20.106796116504853
-20.0,-20.106451612903225
-19.0,-20.10289389067524
-20.0,-20.102564102564102
-21.0,-20.105431309904155
-20.0,-20.105095541401273
-20.0,-20.104761904761904
-20.0,-20.104430379746834
-21.0,-20.107255520504733
-21.0,-20.11006289308176
-21.0,-20.112852664576803
-21.0,-20.115625
-20.0,-20.115264797507788
-21.0,-20.11801242236025
-20.0,-20.11764705882353
-21.0,-20.12037037037037
-20.0,-20.12
-19.0,-20.116564417177916
-21.0,-20.119266055045873
-20.0,-20.11890243902439
-20.0,-20.11854103343465
-21.0,-20.12121212121212
-21.0,-20.123867069486405
-19.0,-20.120481927710845
-21.0,-20.123123123123122
-19.0,-20.119760479041915
-18.0,-20.113432835820895
-20.0,-20.113095238095237
-21.0,-20.115727002967358
-20.0,-20.115384615384617
-21.0,-20.117994100294986
-21.0,-20.120588235294118
-18.0,-20.114369501466275
-21.0,-20.116959064327485
-21.0,-20.11953352769679
-21.0,-20.122093023255815
-20.0,-20.121739130434783
-19.0,-20.11849710982659
-21.0,-20.121037463976947
-19.0,-20.117816091954023
-21.0,-20.120343839541547
-21.0,-20.122857142857143
-19.0,-20.11965811965812
-19.0,-20.116477272727273
-20.0,-20.11614730878187
-21.0,-20.11864406779661
-20.0,-20.11830985915493
-21.0,-20.120786516853933
-21.0,-20.123249299719888
-21.0,-20.125698324022345
-21.0,-20.128133704735376
-21.0,-20.130555555555556
-21.0,-20.132963988919666
-20.0,-20.132596685082873
-20.0,-20.132231404958677
-18.0,-20.126373626373628
-21.0,-20.12876712328767
-17.0,-20.120218579234972
-20.0,-20.11989100817439
-18.0,-20.11413043478261
-20.0,-20.11382113821138
-21.0,-20.116216216216216
-20.0,-20.11590296495957
-20.0,-20.115591397849464
-21.0,-20.117962466487935
-19.0,-20.114973262032084
-21.0,-20.117333333333335
-21.0,-20.11968085106383
-18.0,-20.114058355437667
-21.0,-20.116402116402117
-21.0,-20.11873350923483
-21.0,-20.121052631578948
-20.0,-20.120734908136484
-21.0,-20.123036649214658
-21.0,-20.12532637075718
-21.0,-20.127604166666668
-18.0,-20.12207792207792
-21.0,-20.124352331606218
-21.0,-20.126614987080103
-18.0,-20.121134020618555
-21.0,-20.123393316195372
-19.0,-20.120512820512822
-19.0,-20.11764705882353
-21.0,-20.119897959183675
-20.0,-20.119592875318066
-18.0,-20.114213197969544
-20.0,-20.11392405063291
-19.0,-20.11111111111111
-19.0,-20.10831234256927
-21.0,-20.110552763819097
-19.0,-20.107769423558896
-21.0,-20.11
-21.0,-20.112219451371573
-21.0,-20.114427860696516
-19.0,-20.11166253101737
-20.0,-20.111386138613863
-20.0,-20.11111111111111
-20.0,-20.110837438423644
-20.0,-20.110565110565112
-19.0,-20.107843137254903
-18.0,-20.102689486552567
-20.0,-20.102439024390243
-19.0,-20.099756690997566
-21.0,-20.101941747572816
-19.0,-20.099273607748184
-21.0,-20.10144927536232
-21.0,-20.103614457831327
-19.0,-20.10096153846154
-21.0,-20.103117505995204
-20.0,-20.10287081339713
-20.0,-20.102625298329354
-20.0,-20.10238095238095
-21.0,-20.104513064133016
-19.0,-20.101895734597157
-20.0,-20.1016548463357
-19.0,-20.099056603773583
-21.0,-20.101176470588236
-21.0,-20.103286384976524
-21.0,-20.105386416861826
-21.0,-20.10747663551402
-20.0,-20.107226107226108
-20.0,-20.106976744186046
-19.0,-20.104408352668212
-19.0,-20.10185185185185
-19.0,-20.099307159353348
-21.0,-20.101382488479263
-20.0,-20.101149425287357
-21.0,-20.103211009174313
-21.0,-20.105263157894736
-19.0,-20.102739726027398
-20.0,-20.10250569476082
-20.0,-20.102272727272727
-21.0,-20.104308390022677
-20.0,-20.104072398190045
-20.0,-20.103837471783297
-20.0,-20.103603603603602
-21.0,-20.10561797752809
-20.0,-20.105381165919283
-20.0,-20.105145413870247
-18.0,-20.100446428571427
-21.0,-20.102449888641427
-19.0,-20.1
-20.0,-20.09977827050998
-20.0,-20.099557522123895
-20.0,-20.09933774834437
-18.0,-20.094713656387665
-19.0,-20.092307692307692
-20.0,-20.092105263157894
-20.0,-20.091903719912473
-21.0,-20.093886462882097
-21.0,-20.095860566448803
-21.0,-20.097826086956523
-21.0,-20.099783080260302
-20.0,-20.0995670995671
-20.0,-20.099352051835854
-20.0,-20.099137931034484
-21.0,-20.101075268817205
-21.0,-20.103004291845494
-21.0,-20.10492505353319
-20.0,-20.104700854700855
-21.0,-20.106609808102345
-18.0,-20.102127659574467
-21.0,-20.10403397027601
-21.0,-20.10593220338983
-20.0,-20.10570824524313
-20.0,-20.10548523206751
-20.0,-20.105263157894736
-20.0,-20.105042016806724
-18.0,-20.10062893081761
-19.0,-20.098326359832637
-19.0,-20.096033402922757
-20.0,-20.095833333333335
-20.0,-20.095634095634097
-20.0,-20.095435684647303
-19.0,-20.093167701863354
-21.0,-20.09504132231405
-21.0,-20.096907216494845
-21.0,-20.098765432098766
-21.0,-20.100616016427104
-21.0,-20.102459016393443
-20.0,-20.102249488752555
-21.0,-20.10408163265306
-20.0,-20.10386965376782
-20.0,-20.103658536585368
-20.0,-20.103448275862068
-21.0,-20.105263157894736
-21.0,-20.107070707070708
-20.0,-20.106854838709676
-21.0,-20.10865191146881
-21.0,-20.110441767068274
-20.0,-20.110220440881765
-20.0,-20.11
-20.0,-20.109780439121757
-18.0,-20.105577689243027
-19.0,-20.10337972166998
-20.0,-20.103174603174605
-21.0,-20.104950495049504
-20.0,-20.104743083003953
-21.0,-20.106508875739646
-19.0,-20.10433070866142
-20.0,-20.104125736738702
-20.0,-20.103921568627452
-21.0,-20.105675146771038
-20.0,-20.10546875
-21.0,-20.107212475633528
-19.0,-20.105058365758754
-20.0,-20.10485436893204
-20.0,-20.1046511627907
-21.0,-20.106382978723403
-21.0,-20.10810810810811
-19.0,-20.10597302504817
-20.0,-20.10576923076923
-19.0,-20.103646833013435
-21.0,-20.10536398467433
-19.0,-20.10325047801147
-18.0,-20.099236641221374
-20.0,-20.099047619047617
-20.0,-20.098859315589355
-21.0,-20.10056925996205
-19.0,-20.098484848484848
-20.0,-20.09829867674858
-21.0,-20.1
-19.0,-20.097928436911488
-21.0,-20.099624060150376
-19.0,-20.097560975609756
-21.0,-20.09925093632959
-20.0,-20.09906542056075
-21.0,-20.100746268656717
-20.0,-20.100558659217878
-19.0,-20.098513011152416
-21.0,-20.100185528756956
-20.0,-20.1
-20.0,-20.099815157116453
-21.0,-20.10147601476015
-20.0,-20.101289134438307
-21.0,-20.102941176470587
-20.0,-20.102752293577982
-21.0,-20.104395604395606
-20.0,-20.10420475319927
-21.0,-20.105839416058394
-21.0,-20.107468123861565
-21.0,-20.10909090909091
-21.0,-20.11070780399274
-19.0,-20.108695652173914
-21.0,-20.11030741410488
-20.0,-20.1101083032491
-17.0,-20.104504504504504
-19.0,-20.10251798561151
-21.0,-20.104129263913823
-21.0,-20.10573476702509
-18.0,-20.101967799642217
-19.0,-20.1
-20.0,-20.099821746880572
-20.0,-20.09964412811388
-20.0,-20.099467140319717
-21.0,-20.101063829787233
-20.0,-20.100884955752214
-19.0,-20.098939929328623
-20.0,-20.098765432098766
-20.0,-20.098591549295776
-19.0,-20.096660808435853
-17.0,-20.09122807017544
-21.0,-20.092819614711033
-20.0,-20.092657342657343
-21.0,-20.094240837696336
-21.0,-20.09581881533101
-20.0,-20.095652173913045
-20.0,-20.09548611111111
-21.0,-20.097053726169843
-21.0,-20.098615916955016
-20.0,-20.098445595854923
-20.0,-20.098275862068967
-21.0,-20.099827882960412
-21.0,-20.101374570446737
-19.0,-20.099485420240136
-20.0,-20.09931506849315
-20.0,-20.0991452991453
-21.0,-20.100682593856654
-20.0,-20.100511073253834
-20.0,-20.10034013605442
-19.0,-20.098471986417657
-21.0,-20.1
-21.0,-20.101522842639593
-19.0,-20.09966216216216
-21.0,-20.101180438448566
-21.0,-20.102693602693602
-20.0,-20.10252100840336
-20.0,-20.10234899328859
-19.0,-20.100502512562816
-21.0,-20.10200668896321
-19.0,-20.10016694490818
-21.0,-20.101666666666667
-21.0,-20.10316139767055
-20.0,-20.102990033222593
-21.0,-20.104477611940297
-21.0,-20.105960264900663
-20.0,-20.105785123966943
-21.0,-20.107260726072607
-21.0,-20.108731466227347
-20.0,-20.10855263157895
-21.0,-20.110016420361248
-20.0,-20.10983606557377
-20.0,-20.109656301145662
-21.0,-20.11111111111111
-20.0,-20.110929853181077
-20.0,-20.110749185667753
-21.0,-20.11219512195122
-20.0,-20.11201298701299
-21.0,-20.113452188006484
-18.0,-20.110032362459545
-21.0,-20.111470113085623
-20.0,-20.111290322580643
-21.0,-20.112721417069242
-21.0,-20.114147909967844
-21.0,-20.115569823434992
-21.0,-20.11698717948718
-21.0,-20.1184
-20.0,-20.118210862619808
-20.0,-20.118022328548644
-20.0,-20.11783439490446
-19.0,-20.116057233704293
-20.0,-20.115873015873017
-20.0,-20.11568938193344
-21.0,-20.117088607594937
-21.0,-20.118483412322274
-20.0,-20.118296529968454
-20.0,-20.118110236220474
-21.0,-20.11949685534591
-18.0,-20.116169544740973
-20.0,-20.115987460815045
-20.0,-20.115805946791863
-21.0,-20.1171875
-21.0,-20.118564742589705
-20.0,-20.118380062305295
-21.0,-20.119751166407465
-21.0,-20.12111801242236
-20.0,-20.12093023255814
-21.0,-20.122291021671828
-20.0,-20.122102009273572
-21.0,-20.123456790123456
-21.0,-20.124807395993837
-21.0,-20.126153846153848
-21.0,-20.127496159754223
-20.0,-20.12730061349693
-19.0,-20.125574272588054
-21.0,-20.12691131498471
-20.0,-20.126717557251908
-20.0,-20.1265243902439
-21.0,-20.12785388127854
-21.0,-20.12917933130699
-21.0,-20.13050075872534
-21.0,-20.131818181818183
-20.0,-20.13161875945537
-21.0,-20.132930513595166
-19.0,-20.131221719457013
-19.0,-20.129518072289155
-21.0,-20.130827067669173
-19.0,-20.12912912912913
-20.0,-20.128935532233882
-18.0,-20.12574850299401
-20.0,-20.12556053811659
-20.0,-20.12537313432836
-19.0,-20.12369597615499
-20.0,-20.123511904761905
-21.0,-20.12481426448737
-21.0,-20.126112759643917
-21.0,-20.127407407407407
-19.0,-20.125739644970412
-20.0,-20.125553914327917
-19.0,-20.123893805309734
-20.0,-20.123711340206185
-21.0,-20.125
-21.0,-20.126284875183554
-20.0,-20.126099706744867
-20.0,-20.125915080527086
-20.0,-20.125730994152047
-19.0,-20.124087591240876
-21.0,-20.12536443148688
-20.0,-20.12518195050946
-19.0,-20.123546511627907
-19.0,-20.121915820029027
-20.0,-20.121739130434783
-20.0,-20.121562952243124
-19.0,-20.11994219653179
-20.0,-20.11976911976912
-21.0,-20.121037463976947
-20.0,-20.12086330935252
-21.0,-20.12212643678161
-20.0,-20.121951219512194
-21.0,-20.12320916905444
-18.0,-20.120171673819744
-16.0,-20.114285714285714
-20.0,-20.114122681883025
-17.0,-20.10968660968661
-20.0,-20.109530583214795
-21.0,-20.110795454545453
-20.0,-20.11063829787234
-19.0,-20.109065155807365
-20.0,-20.10891089108911
-20.0,-20.108757062146893
-20.0,-20.108603667136812
-21.0,-20.109859154929577
-19.0,-20.10829817158931
-20.0,-20.10814606741573
-20.0,-20.107994389901823
-20.0,-20.107843137254903
-20.0,-20.107692307692307
-21.0,-20.108938547486034
-21.0,-20.11018131101813
-21.0,-20.11142061281337
-18.0,-20.108484005563284
-21.0,-20.10972222222222
-20.0,-20.109570041608876
-21.0,-20.110803324099724
-19.0,-20.10926694329184
-21.0,-20.11049723756906
-21.0,-20.111724137931034
-20.0,-20.111570247933884
-19.0,-20.110041265474553
-19.0,-20.108516483516482
-20.0,-20.108367626886146
-21.0,-20.10958904109589
-18.0,-20.10670314637483
-20.0,-20.10655737704918
-20.0,-20.106412005457027
-21.0,-20.107629427792915
-20.0,-20.10748299319728
-19.0,-20.105978260869566
-20.0,-20.10583446404342
-19.0,-20.104336043360433
-21.0,-20.10554803788904
-20.0,-20.105405405405406
-20.0,-20.105263157894736
-20.0,-20.10512129380054
-21.0,-20.106325706594884
-20.0,-20.106182795698924
-21.0,-20.107382550335572
-18.0,-20.10455764075067
-21.0,-20.105756358768406
-20.0,-20.105614973262032
-20.0,-20.10547396528705
-19.0,-20.104
-20.0,-20.103861517976032
-20.0,-20.10372340425532
-20.0,-20.10358565737052
-21.0,-20.104774535809018
-20.0,-20.104635761589403
-20.0,-20.104497354497354
-21.0,-20.10568031704095
-20.0,-20.105540897097626
-21.0,-20.106719367588934
-20.0,-20.106578947368423
-21.0,-20.107752956636006
-20.0,-20.10761154855643
-21.0,-20.108781127129753
-16.0,-20.103403141361255
-20.0,-20.10326797385621
-18.0,-20.10052219321149
-19.0,-20.09908735332464
-20.0,-20.098958333333332
-20.0,-20.098829648894668
-20.0,-20.0987012987013
-21.0,-20.099870298313878
-20.0,-20.099740932642487
-21.0,-20.10090556274256
-20.0,-20.100775193798448
-19.0,-20.099354838709676
-21.0,-20.100515463917525
-15.0,-20.093951093951095
-20.0,-20.09383033419023
-20.0,-20.093709884467266
-21.0,-20.094871794871796
-20.0,-20.09475032010243
-20.0,-20.09462915601023
-21.0,-20.095785440613028
-20.0,-20.095663265306122
-21.0,-20.096815286624203
-20.0,-20.09669211195929
-20.0,-20.09656925031766
-20.0,-20.096446700507613
-20.0,-20.09632446134347
-21.0,-20.09746835443038
-21.0,-20.098609355246523
-19.0,-20.09722222222222
-20.0,-20.097099621689786
-20.0,-20.096977329974813
-18.0,-20.09433962264151
-21.0,-20.09547738693467
-19.0,-20.094102885821833
-20.0,-20.093984962406015
-19.0,-20.09261576971214
-20.0,-20.0925
-18.0,-20.089887640449437
-21.0,-20.091022443890274
-21.0,-20.092154420921545
-21.0,-20.09328358208955
-20.0,-20.093167701863354
-21.0,-20.094292803970223
-20.0,-20.094175960346963
-18.0,-20.09158415841584
-20.0,-20.091470951792335
-20.0,-20.09135802469136
-21.0,-20.092478421701603
-20.0,-20.092364532019705
-19.0,-20.091020910209103
-21.0,-20.092137592137593
-20.0,-20.0920245398773
-20.0,-20.091911764705884
-20.0,-20.091799265605875
-21.0,-20.09290953545232
-20.0,-20.092796092796092
-18.0,-20.090243902439024
-20.0,-20.090133982947624
-19.0,-20.08880778588808
-21.0,-20.089914945321993
-21.0,-20.091019417475728
-21.0,-20.092121212121214
-19.0,-20.090799031476998
-21.0,-20.091898428053206
-21.0,-20.092995169082126
-18.0,-20.090470446320868
-19.0,-20.089156626506025
-20.0,-20.08904933814681
-21.0,-20.09014423076923
-20.0,-20.09003601440576
-20.0,-20.08992805755396
-19.0,-20.088622754491016
-20.0,-20.088516746411482
-19.0,-20.08721624850657
-18.0,-20.08472553699284
-18.0,-20.082240762812873
-19.0,-20.080952380952382
-20.0,-20.080856123662308
-21.0,-20.081947743467932
-18.0,-20.079478054567023
-20.0,-20.079383886255926
-21.0,-20.080473372781064
-20.0,-20.080378250591018
-19.0,-20.07910271546635
-21.0,-20.080188679245282
-19.0,-20.078916372202592
-19.0,-20.07764705882353
-17.0,-20.074030552291422
-20.0,-20.073943661971832
-20.0,-20.07385697538101
-20.0,-20.07377049180328
-20.0,-20.073684210526316
-20.0,-20.07359813084112
-20.0,-20.073512252042008
-20.0,-20.073426573426573
-21.0,-20.074505238649593
-19.0,-20.073255813953487
-20.0,-20.073170731707318
-16.0,-20.06844547563805
-17.0,-20.0648899188876
-20.0,-20.064814814814813
-19.0,-20.063583815028903
-20.0,-20.0635103926097
-18.0,-20.061130334486737
-21.0,-20.06221198156682
-19.0,-20.060989643268123
-20.0,-20.060919540229886
-21.0,-20.061997703788748
-21.0,-20.06307339449541
-21.0,-20.06414662084765
-20.0,-20.06407322654462
-19.0,-20.062857142857144
-20.0,-20.062785388127853
-20.0,-20.062713797035347
-18.0,-20.060364464692483
-21.0,-20.061433447098977
-21.0,-20.0625
-19.0,-20.061293984108968
-19.0,-20.060090702947846
-21.0,-20.06115515288788
-20.0,-20.06108597285068
-21.0,-20.062146892655367
-19.0,-20.060948081264108
-21.0,-20.062006764374296
-21.0,-20.063063063063062
-20.0,-20.062992125984252
-16.0,-20.058426966292135
-20.0,-20.058361391694724
-20.0,-20.05829596412556
-18.0,-20.05599104143337
-20.0,-20.05592841163311
-21.0,-20.056983240223463
-19.0,-20.055803571428573
-20.0,-20.055741360089186
-20.0,-20.05567928730512
-20.0,-20.055617352614014
-18.0,-20.053333333333335
-19.0,-20.05216426193119
-19.0,-20.0509977827051
-19.0,-20.04983388704319
-19.0,-20.048672566371682
-19.0,-20.047513812154698
-18.0,-20.045253863134658
-20.0,-20.045203969129
-18.0,-20.042951541850222
-20.0,-20.042904290429043
-21.0,-20.043956043956044
-18.0,-20.041712403951703
-19.0,-20.040570175438596
-19.0,-20.039430449069002
-20.0,-20.039387308533918
-20.0,-20.03934426229508
-19.0,-20.0382096069869
-20.0,-20.0381679389313
-19.0,-20.037037037037038
-20.0,-20.036996735582154
-19.0,-20.035869565217393
-19.0,-20.034744842562432
-18.0,-20.032537960954446
-21.0,-20.033586132177682
-20.0,-20.033549783549784
-18.0,-20.03135135135135
-21.0,-20.032397408207345
-18.0,-20.030204962243797
-20.0,-20.030172413793103
-17.0,-20.02691065662002
-15.0,-20.021505376344088
-18.0,-20.019334049409238
-18.0,-20.01716738197425
-20.0,-20.017148981779208
-18.0,-20.014989293361886
-19.0,-20.01390374331551
-18.0,-20.011752136752136
-20.0,-20.011739594450372
-20.0,-20.01172707889126
-19.0,-20.010649627263046
-20.0,-20.01063829787234
-19.0,-20.009564293304994
-21.0,-20.010615711252655
-20.0,-20.010604453870627
-20.0,-20.010593220338983
-20.0,-20.01058201058201
-20.0,-20.01057082452431
-19.0,-20.009503695881733
-19.0,-20.008438818565402
-19.0,-20.007376185458376
-21.0,-20.00842105263158
-21.0,-20.009463722397477
-19.0,-20.008403361344538
-17.0,-20.005246589716684
-19.0,-20.0041928721174
-19.0,-20.003141361256546
-20.0,-20.003138075313807
-18.0,-20.001044932079417
-20.0,-20.001043841336116
-20.0,-20.00104275286757
-20.0,-20.001041666666666
-20.0,-20.001040582726326
-20.0,-20.0010395010395
-19.0,-20.0
-19.0,-19.99896265560166
-16.0,-19.99481865284974
-19.0,-19.993788819875775
-18.0,-19.991726990692865
-19.0,-19.990702479338843
-19.0,-19.98968008255934
-17.0,-19.986597938144328
-19.0,-19.985581874356335
-20.0,-19.98559670781893
-19.0,-19.984583761562178
-20.0,-19.984599589322382
-19.0,-19.983589743589743
-19.0,-19.982581967213115
-21.0,-19.98362333674514
-16.0,-19.97955010224949
-19.0,-19.97854954034729
-19.0,-19.977551020408164
-19.0,-19.976554536187564
-17.0,-19.973523421588595
-18.0,-19.971515768056967
-18.0,-19.96951219512195
-19.0,-19.968527918781724
-21.0,-19.969574036511155
-20.0,-19.969604863221885
-17.0,-19.9665991902834
-18.0,-19.964610717896864
-19.0,-19.963636363636365
-19.0,-19.96266397578204
-18.0,-19.960685483870968
-18.0,-19.958710976837864
-18.0,-19.956740442655935
-20.0,-19.95678391959799
-20.0,-19.95682730923695
-19.0,-19.955867602808425
-17.0,-19.952905811623246
-18.0,-19.95095095095095
-17.0,-19.948
-19.0,-19.947052947052946
-18.0,-19.94510978043912
-19.0,-19.94416749750748
-19.0,-19.943227091633467
-21.0,-19.944278606965174
-18.0,-19.94234592445328
-17.0,-19.939424031777556
-20.0,-19.939484126984127
-20.0,-19.93954410307235
-16.0,-19.935643564356436
-18.0,-19.933728981206727
-21.0,-19.934782608695652
-19.0,-19.93385982230997
-18.0,-19.931952662721894
-16.0,-19.92807881773399
-20.0,-19.92814960629921
-18.0,-19.926253687315633
-16.0,-19.922396856581532
-17.0,-19.919528949950934
-19.0,-19.91862745098039
-17.0,-19.91576885406464
-19.0,-19.91487279843444
-17.0,-19.912023460410555
-18.0,-19.91015625
-20.0,-19.910243902439024
-17.0,-19.90740740740741
-18.0,-19.905550146056473
-20.0,-19.905642023346303
-18.0,-19.903790087463555
-17.0,-19.90097087378641
-20.0,-19.901066925315227
-16.0,-19.897286821705425
-18.0,-19.89545014520813
-20.0,-19.895551257253384
-20.0,-19.895652173913042
-20.0,-19.895752895752896
-17.0,-19.892960462873674
-19.0,-19.892100192678228
-17.0,-19.889316650625602
-20.0,-19.889423076923077
-19.0,-19.888568683957732
-19.0,-19.88771593090211
-19.0,-19.88686481303931
-17.0,-19.884099616858236
-16.0,-19.880382775119617
-19.0,-19.879541108986615
-19.0,-19.878701050620823
-19.0,-19.87786259541985
-18.0,-19.876072449952336
-18.0,-19.874285714285715
-18.0,-19.872502378686963
-18.0,-19.870722433460077
-21.0,-19.871794871794872
-20.0,-19.8719165085389
-17.0,-19.869194312796207
-19.0,-19.86837121212121
-18.0,-19.866603595080417
-17.0,-19.86389413988658
-16.0,-19.86024551463645
-19.0,-19.859433962264152
-18.0,-19.857681432610743
-18.0,-19.85593220338983
-18.0,-19.854186265286923
-20.0,-19.854323308270676
-18.0,-19.85258215962441
-20.0,-19.852720450281424
-19.0,-19.851921274601686
-18.0,-19.850187265917604
-18.0,-19.84845650140318
-19.0,-19.84766355140187
-20.0,-19.84780578898226
-17.0,-19.845149253731343
-18.0,-19.843429636533084
-17.0,-19.84078212290503
-21.0,-19.84186046511628
-18.0,-19.840148698884757
-18.0,-19.838440111420613
-19.0,-19.837662337662337
-18.0,-19.83595922150139
-20.0,-19.836111111111112
-16.0,-19.832562442183164
-18.0,-19.83086876155268
-19.0,-19.830101569713758
-18.0,-19.828413284132843
-20.0,-19.82857142857143
-18.0,-19.826887661141804
-20.0,-19.827046918123276
-18.0,-19.825367647058822
-18.0,-19.823691460055098
-17.0,-19.821100917431192
-16.0,-19.817598533455545
-19.0,-19.816849816849818
-18.0,-19.815187557182067
-17.0,-19.812614259597805
-20.0,-19.812785388127853
-18.0,-19.811131386861312
-18.0,-19.809480401093893
-18.0,-19.80783242258652
-20.0,-19.80800727934486
-19.0,-19.80727272727273
-21.0,-19.80835603996367
-15.0,-19.80399274047187
-20.0,-19.804170444242974
-16.0,-19.80072463768116
-18.0,-19.799095022624435
-20.0,-19.799276672694393
-17.0,-19.796747967479675
-19.0,-19.796028880866427
-18.0,-19.794409377817853
-20.0,-19.794594594594596
-20.0,-19.794779477947795
-20.0,-19.794964028776977
-20.0,-19.795148247978435
-20.0,-19.795332136445243
-20.0,-19.795515695067266
-21.0,-19.796594982078854
-20.0,-19.796777081468218
-20.0,-19.79695885509839
-21.0,-19.798033958891867
-17.0,-19.795535714285716
-17.0,-19.793041926851025
-21.0,-19.794117647058822
-20.0,-19.794300979519146
-20.0,-19.794483985765126
-16.0,-19.79111111111111
-19.0,-19.790408525754884
-16.0,-19.78704525288376
-17.0,-19.784574468085108
-18.0,-19.78299379982285
-20.0,-19.783185840707965
-19.0,-19.782493368700266
-18.0,-19.780918727915193
-20.0,-19.781112091791705
-18.0,-19.779541446208114
-21.0,-19.780616740088107
-18.0,-19.779049295774648
-18.0,-19.777484608619172
-17.0,-19.77504393673111
-21.0,-19.776119402985074
-20.0,-19.776315789473685
-20.0,-19.776511831726555
-20.0,-19.776707530647986
-20.0,-19.77690288713911
-19.0,-19.776223776223777
-20.0,-19.7764192139738
-20.0,-19.776614310645723
-19.0,-19.77593722755013
-17.0,-19.773519163763066
-19.0,-19.772845953002612
-21.0,-19.77391304347826
-19.0,-19.773240660295397
-17.0,-19.770833333333332
-18.0,-19.769297484822204
-18.0,-19.76776429809359
-19.0,-19.767099567099567
-17.0,-19.764705882352942
-15.0,-19.760587726879862
-20.0,-19.760794473229705
-16.0,-19.757549611734255
-17.0,-19.755172413793105
-18.0,-19.753660637381568
-20.0,-19.753872633390706
-17.0,-19.751504729148753
-20.0,-19.75171821305842
-17.0,-19.749356223175965
-19.0,-19.748713550600343
-18.0,-19.74721508140531
-20.0,-19.747431506849313
-19.0,-19.746792130025664
-19.0,-19.746153846153845
-17.0,-19.743808710503842
-18.0,-19.742320819112628
-18.0,-19.74083546462063
-18.0,-19.739352640545146
-16.0,-19.73617021276596
-18.0,-19.73469387755102
-16.0,-19.731520815632965
-18.0,-19.730050933786078
-20.0,-19.73027989821883
-18.0,-19.728813559322035
-14.0,-19.723962743437763
-18.0,-19.722504230118442
-16.0,-19.719357565511412
-19.0,-19.71875
-18.0,-19.717299578059073
-17.0,-19.715008431703204
-17.0,-19.712721145745576
-20.0,-19.712962962962962
-19.0,-19.712363330529858
-18.0,-19.7109243697479
-18.0,-19.70948782535684
-17.0,-19.70721476510067
-16.0,-19.704107292539817
-18.0,-19.702680067001676
-19.0,-19.702092050209206
-18.0,-19.70066889632107
-19.0,-19.700083542188807
-18.0,-19.698664440734557
-15.0,-19.694745621351124
-16.0,-19.691666666666666
-18.0,-19.690258118234805
-14.0,-19.685524126455906
-19.0,-19.684954280964256
-16.0,-19.681893687707642
-20.0,-19.68215767634855
-17.0,-19.679933665008292
-15.0,-19.676056338028168
-19.0,-19.67549668874172
-16.0,-19.672456575682382
-17.0,-19.670247933884298
-20.0,-19.670520231213874
-17.0,-19.668316831683168
-18.0,-19.666941467436107
-20.0,-19.667215815485996
-19.0,-19.666666666666668
-16.0,-19.663651315789473
-19.0,-19.663105998356613
-17.0,-19.660919540229884
-18.0,-19.659557013945857
-17.0,-19.65737704918033
-17.0,-19.655200655200655
-19.0,-19.654664484451718
-21.0,-19.655764513491416
-19.0,-19.655228758169933
-20.0,-19.655510204081633
-19.0,-19.654975530179446
-18.0,-19.65362673186634
-17.0,-19.651465798045603
-19.0,-19.65093572009764
-18.0,-19.64959349593496
-20.0,-19.64987814784728
-18.0,-19.648538961038962
-20.0,-19.64882400648824
-17.0,-19.646677471636952
-18.0,-19.645344129554655
-19.0,-19.64482200647249
-19.0,-19.644300727566694
-17.0,-19.6421647819063
-17.0,-19.64003228410008
-19.0,-19.63951612903226
-19.0,-19.63900080580177
-16.0,-19.636070853462158
-19.0,-19.635559131134354
-16.0,-19.632636655948552
-18.0,-19.631325301204818
-18.0,-19.630016051364365
-19.0,-19.629510825982358
-17.0,-19.627403846153847
-19.0,-19.626901521216972
-14.0,-19.6224
-17.0,-19.620303756994403
-19.0,-19.619808306709267
-16.0,-19.616919393455706
-16.0,-19.614035087719298
-18.0,-19.612749003984064
-17.0,-19.610668789808916
-19.0,-19.610182975338105
-19.0,-19.609697933227345
-18.0,-19.608419380460685
-17.0,-19.606349206349208
-16.0,-19.603489294210945
-19.0,-19.603011093502378
-18.0,-19.601741884402216
-17.0,-19.599683544303797
-16.0,-19.59683794466403
-18.0,-19.595576619273302
-17.0,-19.593528018942383
-14.0,-19.589116719242902
-16.0,-19.58628841607565
-19.0,-19.585826771653544
-16.0,-19.58300550747443
-15.0,-19.57940251572327
-16.0,-19.576590730557736
-18.0,-19.57535321821036
-21.0,-19.576470588235296
-18.0,-19.57523510971787
-15.0,-19.5716523101018
-16.0,-19.56885758998435
-21.0,-19.569976544175137
-14.0,-19.565625
-16.0,-19.562841530054644
-18.0,-19.561622464898598
-20.0,-19.561964146531565
-16.0,-19.55919003115265
-13.0,-19.554085603112842
-17.0,-19.552099533437016
-17.0,-19.55011655011655
-16.0,-19.547360248447205
-19.0,-19.546935608999224
-20.0,-19.547286821705427
-19.0,-19.546862896979086
-16.0,-19.544117647058822
-19.0,-19.54369682907966
-18.0,-19.542503863987637
-16.0,-19.53976833976834
-18.0,-19.53858024691358
-17.0,-19.536622976098688
-15.0,-19.533127889060093
-18.0,-19.53194765204003
-19.0,-19.53153846153846
-14.0,-19.52728670253651
-15.0,-19.523809523809526
-17.0,-19.52187260168841
-19.0,-19.521472392638035
-18.0,-19.520306513409963
-18.0,-19.519142419601838
-16.0,-19.51644988523336
-20.0,-19.516819571865444
-20.0,-19.517188693659282
-17.0,-19.515267175572518
-17.0,-19.51334858886346
-15.0,-19.509908536585368
-19.0,-19.509520182787508
-19.0,-19.509132420091323
-17.0,-19.50722433460076
-18.0,-19.50607902735562
-19.0,-19.505694760820045
-18.0,-19.50455235204856
-14.0,-19.500379075056863
-16.0,-19.49772727272727
-17.0,-19.49583648750946
-20.0,-19.49621785173979
-20.0,-19.496598639455783
-18.0,-19.49546827794562
-16.0,-19.492830188679246
-17.0,-19.490950226244344
-17.0,-19.489073097211755
-18.0,-19.487951807228917
-18.0,-19.486832204665163
-17.0,-19.484962406015036
-17.0,-19.483095416979715
-20.0,-19.483483483483482
-16.0,-19.48087021755439
-19.0,-19.480509745127435
-17.0,-19.47865168539326
-16.0,-19.476047904191617
-17.0,-19.474195961106957
-19.0,-19.473841554559044
-20.0,-19.474234503360716
-16.0,-19.471641791044775
-19.0,-19.471290082028336
-19.0,-19.470938897168406
-16.0,-19.468354430379748
-17.0,-19.466517857142858
-16.0,-19.463940520446098
-16.0,-19.461367013372957
-18.0,-19.460282108389013
-18.0,-19.45919881305638
-16.0,-19.456634544106745
-20.0,-19.457037037037036
-18.0,-19.4559585492228
-20.0,-19.456360946745562
-16.0,-19.45380635624538
-20.0,-19.454209748892172
-19.0,-19.45387453874539
-18.0,-19.452802359882007
-17.0,-19.45099484156227
-15.0,-19.447717231222384
-20.0,-19.44812362030905
-16.0,-19.445588235294117
-15.0,-19.442321822189566
-15.0,-19.43906020558003
-18.0,-19.438004402054293
-16.0,-19.43548387096774
-19.0,-19.435164835164834
-19.0,-19.43484626647145
-15.0,-19.431602048280908
-17.0,-19.42982456140351
-20.0,-19.430241051862673
-20.0,-19.43065693430657
-18.0,-19.429613420860687
-18.0,-19.428571428571427
-17.0,-19.42680262199563
-17.0,-19.42503639010189
-17.0,-19.423272727272728
-17.0,-19.421511627906977
-19.0,-19.421205519244737
-14.0,-19.417271407837447
-18.0,-19.416243654822335
-17.0,-19.41449275362319
-17.0,-19.412744388124548
-19.0,-19.412445730824892
-14.0,-19.408532176428054
-18.0,-19.40751445086705
-19.0,-19.407220216606497
-16.0,-19.404761904761905
-21.0,-19.40591204037491
-16.0,-19.403458213256485
-15.0,-19.40028797696184
-19.0,-19.4
-19.0,-19.399712437095616
-19.0,-19.399425287356323
-18.0,-19.398420674802583
-18.0,-19.3974175035868
-19.0,-19.397132616487454
-19.0,-19.396848137535816
-19.0,-19.396564065855404
-18.0,-19.395565092989987
-20.0,-19.395997140814867
-20.0,-19.396428571428572
-17.0,-19.394718058529623
-13.0,-19.390156918687588
-19.0,-19.389878831076267
-16.0,-19.387464387464387
-16.0,-19.385053380782917
-18.0,-19.38406827880512
-16.0,-19.381663113006397
-17.0,-19.37997159090909
-15.0,-19.376863023420867
-15.0,-19.373758865248227
-19.0,-19.373493975903614
-19.0,-19.373229461756374
-14.0,-19.369426751592357
-19.0,-19.36916548797737
-17.0,-19.367491166077738
-17.0,-19.365819209039547
-20.0,-19.366266760762173
-18.0,-19.36530324400564
-17.0,-19.363636363636363
-19.0,-19.36338028169014
-17.0,-19.361717100633356
-16.0,-19.359353023909986
-18.0,-19.358397751229795
-15.0,-19.355337078651687
-14.0,-19.35157894736842
-18.0,-19.350631136044882
-17.0,-19.3489838822705
-16.0,-19.346638655462186
-15.0,-19.343596920923723
-20.0,-19.344055944055945
-15.0,-19.34102026554857
-17.0,-19.339385474860336
-18.0,-19.338450802512213
-14.0,-19.334728033472803
-15.0,-19.33170731707317
-19.0,-19.331476323119777
-15.0,-19.328462073764786
-16.0,-19.32614742698192
-17.0,-19.324530924252954
-16.0,-19.322222222222223
-17.0,-19.3206106870229
-18.0,-19.319694868238557
-17.0,-19.31808731808732
-18.0,-19.317174515235457
-17.0,-19.315570934256055
-16.0,-19.313278008298756
-14.0,-19.30960608154803
-14.0,-19.305939226519335
-18.0,-19.30503795721187
-17.0,-19.30344827586207
-18.0,-19.302549965541004
-19.0,-19.302341597796143
-16.0,-19.30006882312457
-18.0,-19.29917469050894
-20.0,-19.299656357388315
-17.0,-19.298076923076923
-18.0,-19.297185998627317
-14.0,-19.29355281207133
-18.0,-19.292666209732694
-18.0,-19.291780821917808
-16.0,-19.28952772073922
-18.0,-19.288645690834475
-18.0,-19.287764866712234
-20.0,-19.288251366120218
-18.0,-19.287372013651876
-18.0,-19.286493860845837
-15.0,-19.283571915473757
-15.0,-19.280653950953678
-17.0,-19.279101429543907
-18.0,-19.278231292517006
-18.0,-19.277362338545206
-18.0,-19.27649456521739
-17.0,-19.274949083503056
-17.0,-19.273405698778834
-19.0,-19.27322033898305
-17.0,-19.271680216802167
-17.0,-19.270142180094787
-18.0,-19.269282814614343
-15.0,-19.266396213657877
-15.0,-19.263513513513512
-17.0,-19.26198514517218
-15.0,-19.25910931174089
-16.0,-19.25691166554282
-16.0,-19.254716981132077
-15.0,-19.251851851851853
-18.0,-19.25100942126514
-17.0,-19.249495628782785
-16.0,-19.247311827956988
-17.0,-19.245802552048353
-19.0,-19.245637583892616
-17.0,-19.24413145539906
-19.0,-19.24396782841823
-18.0,-19.24313462826524
-20.0,-19.24364123159304
-17.0,-19.242140468227426
-18.0,-19.24131016042781
-17.0,-19.239812959251836
-14.0,-19.236315086782376
-17.0,-19.234823215476986
-18.0,-19.234
-20.0,-19.234510326449033
-18.0,-19.23368841544607
-14.0,-19.23020625415835
-17.0,-19.22872340425532
-16.0,-19.2265780730897
-16.0,-19.224435590969456
-14.0,-19.220968812209687
-13.0,-19.21684350132626
-14.0,-19.213386348575217
-17.0,-19.211920529801326
-21.0,-19.213103904698876
-14.0,-19.209656084656086
-17.0,-19.208195637805684
-16.0,-19.206076618229854
-17.0,-19.204620462046204
-15.0,-19.201846965699207
-14.0,-19.19841793012525
-18.0,-19.197628458498023
-16.0,-19.19552337063858
-17.0,-19.19407894736842
-13.0,-19.190006574621957
-18.0,-19.1892247043364
-18.0,-19.18844386080105
-17.0,-19.187007874015748
-15.0,-19.184262295081968
-16.0,-19.182175622542594
-12.0,-19.177472167648986
-17.0,-19.176047120418847
-20.0,-19.176586003924132
-16.0,-19.17450980392157
-14.0,-19.171129980404963
-8.0,-19.16383812010444
-15.0,-19.16112198303979
-17.0,-19.159713168187743
-18.0,-19.158957654723128
-18.0,-19.158203125
-16.0,-19.156148340923878
-12.0,-19.15149544863459
-17.0,-19.15009746588694
-19.0,-19.15
-19.0,-19.149902660609992
-18.0,-19.149156939040207
-14.0,-19.145819831497082
-17.0,-19.144430051813472
-16.0,-19.142394822006473
-18.0,-19.141655886157828
-17.0,-19.14027149321267
-17.0,-19.13888888888889
-19.0,-19.13879922530665
-18.0,-19.13806451612903
-16.0,-19.13604126370084
-17.0,-19.134664948453608
-15.0,-19.132002575660014
-18.0,-19.131274131274132
-18.0,-19.130546623794213
-17.0,-19.12917737789203
-19.0,-19.129094412331405
-18.0,-19.12836970474968
-18.0,-19.127645926876202
-17.0,-19.12628205128205
-15.0,-19.12363869314542
-17.0,-19.122279129321385
-18.0,-19.121561100447856
-19.0,-19.12148337595908
-15.0,-19.118849840255592
-17.0,-19.11749680715198
-19.0,-19.117421825143587
-18.0,-19.116709183673468
-17.0,-19.11536010197578
-15.0,-19.112738853503185
-18.0,-19.112030553787395
-17.0,-19.110687022900763
-16.0,-19.108709472345836
-18.0,-19.108005082592122
-21.0,-19.10920634920635
-16.0,-19.107233502538072
-16.0,-19.105263157894736
-18.0,-19.104562737642585
-17.0,-19.103229892336923
-16.0,-19.10126582278481
-16.0,-19.09930423782416
-20.0,-19.099873577749683
-19.0,-19.099810486418193
-18.0,-19.099116161616163
-20.0,-19.09968454258675
-18.0,-19.098991172761664
-20.0,-19.099558916194077
-15.0,-19.096977329974813
-18.0,-19.096286972938955
-11.0,-19.09119496855346
-16.0,-19.089252042740416
-18.0,-19.08856783919598
-17.0,-19.0872567482737
-18.0,-19.086574654956085
-17.0,-19.08526645768025
-19.0,-19.085213032581454
-14.0,-19.082028804007514
-18.0,-19.081351689612013
-18.0,-19.080675422138835
-17.0,-19.079375
-17.0,-19.078076202373516
-17.0,-19.076779026217228
-17.0,-19.075483468496568
-19.0,-19.075436408977556
-17.0,-19.074143302180687
-17.0,-19.07285180572852
-14.0,-19.069695084007467
-19.0,-19.069651741293534
-21.0,-19.070851460534495
-15.0,-19.06832298136646
-18.0,-19.067659838609558
-17.0,-19.06637717121588
-17.0,-19.065096094234345
-15.0,-19.062577447335812
-18.0,-19.061919504643964
-20.0,-19.0625
-17.0,-19.06122448979592
-17.0,-19.059950556242274
-18.0,-19.05929586164299
-17.0,-19.058024691358025
-16.0,-19.05613818630475
-18.0,-19.05548705302096
-20.0,-19.056069008009857
-16.0,-19.054187192118228
-17.0,-19.052923076923076
-16.0,-19.051045510455104
-14.0,-19.0479409956976
-18.0,-19.0472972972973
-18.0,-19.046654389195826
-16.0,-19.04478527607362
-18.0,-19.04414469650521
-15.0,-19.041666666666668
-17.0,-19.040416411512552
-15.0,-19.03794369645043
-17.0,-19.03669724770642
-19.0,-19.03667481662592
-15.0,-19.03420891875382
-18.0,-19.033577533577535
-18.0,-19.03294691885296
-19.0,-19.03292682926829
-18.0,-19.032297379646558
-20.0,-19.032886723507918
-19.0,-19.03286670724285
-16.0,-19.03102189781022
-18.0,-19.030395136778115
-15.0,-19.027946537059538
-14.0,-19.024893746205223
-15.0,-19.02245145631068
-18.0,-19.021831412977562
-17.0,-19.02060606060606
-19.0,-19.020593579648697
-16.0,-19.018765133171915
-20.0,-19.019358741681792
-13.0,-19.01571946795647
-13.0,-19.012084592145015
-14.0,-19.009057971014492
-17.0,-19.007845503922752
-16.0,-19.00603136308806
-16.0,-19.0042194092827
-17.0,-19.003012048192772
-17.0,-19.001806140878987
-16.0,-19.0
-18.0,-18.999398677089598
-18.0,-18.998798076923077
-15.0,-18.996396396396396
-15.0,-18.993997599039616
-16.0,-18.992201559688063
-18.0,-18.991606714628297
-17.0,-18.990413421210306
-18.0,-18.98982035928144
-16.0,-18.988031119090365
-17.0,-18.986842105263158
-14.0,-18.983861326957562
-17.0,-18.98267622461171
-19.0,-18.98268656716418
-16.0,-18.98090692124105
-19.0,-18.980918306499703
-16.0,-18.979141835518476
-16.0,-18.97736748064324
-19.0,-18.97738095238095
-16.0,-18.975609756097562
-16.0,-18.97384066587396
-14.0,-18.9708853238265
-18.0,-18.970308788598576
-16.0,-18.96854599406528
-19.0,-18.968564650059314
-16.0,-18.966804979253112
-19.0,-18.966824644549764
-19.0,-18.966844286560093
-16.0,-18.96508875739645
-16.0,-18.963335304553517
-18.0,-18.96276595744681
-11.0,-18.958062610750147
-18.0,-18.95749704840614
-14.0,-18.954572271386432
-16.0,-18.952830188679247
-16.0,-18.9510901591043
-19.0,-18.951118963486454
-15.0,-18.948793407886992
-14.0,-18.945882352941176
-17.0,-18.944738389182834
-19.0,-18.944770857814337
-17.0,-18.943628890193775
-16.0,-18.941901408450704
-16.0,-18.94017595307918
-19.0,-18.94021101992966
-18.0,-18.939660222612773
-13.0,-18.936182669789225
-17.0,-18.93504973668812
-18.0,-18.93450292397661
-18.0,-18.93395675043834
-19.0,-18.933995327102803
-17.0,-18.93286631640397
-16.0,-18.93115519253209
-14.0,-18.928279883381926
-17.0,-18.927156177156178
-18.0,-18.926616191030867
-17.0,-18.925494761350407
-15.0,-18.923211169284468
-19.0,-18.92325581395349
-19.0,-18.923300406740267
-16.0,-18.921602787456447
-17.0,-18.920487521764365
-17.0,-18.91937354988399
-16.0,-18.91768115942029
-20.0,-18.918308227114718
-17.0,-18.9171974522293
-17.0,-18.916087962962962
-18.0,-18.91555812608444
-16.0,-18.913872832369943
-14.0,-18.91103408434431
-21.0,-18.912240184757504
-13.0,-18.90882862088863
-17.0,-18.907727797001154
-19.0,-18.907780979827088
-17.0,-18.90668202764977
-17.0,-18.9055843408175
-18.0,-18.90506329113924
-12.0,-18.901092581943647
-16.0,-18.899425287356323
-17.0,-18.898334290637564
-18.0,-18.897818599311137
-17.0,-18.89672977624785
-18.0,-18.896215596330276
-16.0,-18.8945558739255
-18.0,-18.894043528064145
-17.0,-18.892959358900974
-16.0,-18.891304347826086
-16.0,-18.88965122927387
-17.0,-18.888571428571428
-18.0,-18.888063963449458
-14.0,-18.88527397260274
-15.0,-18.883057615516257
-17.0,-18.881984036488028
-18.0,-18.881481481481483
-17.0,-18.880410022779042
-20.0,-18.881047239612975
-17.0,-18.879977246871444
-17.0,-18.878908470722003
-19.0,-18.878977272727273
-12.0,-18.875070982396366
-17.0,-18.87400681044268
-14.0,-18.8712422007941
-18.0,-18.87074829931973
-18.0,-18.870254957507083
-15.0,-18.86806342015855
-14.0,-18.86530843237125
-18.0,-18.864819004524886
-15.0,-18.86263425664217
-20.0,-18.863276836158192
-19.0,-18.86335403726708
-16.0,-18.861738148984198
-17.0,-18.86068809926678
-20.0,-18.861330326944756
-15.0,-18.859154929577464
-16.0,-18.857545045045047
-17.0,-18.8564997186269
-17.0,-18.855455568053994
-16.0,-18.853850477796517
-13.0,-18.85056179775281
-16.0,-18.848961257720383
-17.0,-18.847923681257015
-17.0,-18.846887268648345
-20.0,-18.847533632286996
-20.0,-18.848179271708684
-13.0,-18.84490481522956
-14.0,-18.84219362059317
-17.0,-18.841163310961967
-16.0,-18.839575181665737
-19.0,-18.839664804469272
-15.0,-18.837520938023452
-13.0,-18.834263392857142
-14.0,-18.831567205800333
-14.0,-18.828874024526197
-16.0,-18.827298050139277
-19.0,-18.82739420935412
-17.0,-18.826377295492488
-16.0,-18.82480533926585
-17.0,-18.82379099499722
-16.0,-18.822222222222223
-17.0,-18.821210438645195
-17.0,-18.820199778024417
-18.0,-18.819744869661676
-18.0,-18.81929046563193
-16.0,-18.817728531855956
-21.0,-18.81893687707641
-16.0,-18.81737686773658
-16.0,-18.815818584070797
-17.0,-18.814814814814813
-18.0,-18.814364640883976
-14.0,-18.811706239646604
-17.0,-18.810706401766005
-18.0,-18.810259238830668
-18.0,-18.80981256890849
-15.0,-18.80771349862259
-18.0,-18.80726872246696
-14.0,-18.80462300495322
-21.0,-18.805830583058306
-17.0,-18.80483782297966
-19.0,-18.804945054945055
-17.0,-18.803953871499175
-16.0,-18.802414928649835
-17.0,-18.801426220515634
-18.0,-18.800986842105264
-15.0,-18.798904109589042
-16.0,-18.7973713033954
-15.0,-18.795292829775587
-14.0,-18.792669584245075
-21.0,-18.793876435210496
-16.0,-18.792349726775956
-10.0,-18.78754778809394
-19.0,-18.787663755458514
-13.0,-18.784506273867976
-19.0,-18.78462377317339
-13.0,-18.781471389645777
-19.0,-18.781590413943356
-15.0,-18.779531845400108
-17.0,-18.778563656147988
-15.0,-18.776508972267536
-19.0,-18.776630434782607
-15.0,-18.774579033134167
-16.0,-18.773072747014115
-16.0,-18.771568095496473
-17.0,-18.77060737527115
-14.0,-18.7680216802168
-18.0,-18.767605633802816
-16.0,-18.76610720086627
-18.0,-18.76569264069264
-16.0,-18.764196863169282
-17.0,-18.76324324324324
-18.0,-18.76283090221502
-18.0,-18.762419006479483
-16.0,-18.76092822450081
-16.0,-18.759439050701186
-17.0,-18.758490566037736
-15.0,-18.75646551724138
-19.0,-18.756596661281637
-17.0,-18.755651237890206
-18.0,-18.755244755244757
-17.0,-18.754301075268817
-12.0,-18.750671681891458
-14.0,-18.74812030075188
-17.0,-18.74718196457327
-17.0,-18.746244635193133
-17.0,-18.745308310991955
-14.0,-18.742765273311896
-16.0,-18.74129619710766
-18.0,-18.740899357601712
-18.0,-18.740502942750133
-17.0,-18.739572192513368
-17.0,-18.73864243719936
-18.0,-18.738247863247864
-19.0,-18.73838761345435
-16.0,-18.73692636072572
-17.0,-18.736
-16.0,-18.73454157782516
-18.0,-18.734150239744274
-19.0,-18.73429179978701
-18.0,-18.733901011176158
-16.0,-18.732446808510637
-18.0,-18.732057416267942
-14.0,-18.72954303931987
-20.0,-18.730217737652683
-17.0,-18.729299363057326
-17.0,-18.72838196286472
-17.0,-18.72746553552492
-16.0,-18.726020137784843
-16.0,-18.72457627118644
-15.0,-18.72260455267337
-17.0,-18.72169312169312
-17.0,-18.720782654680065
-20.0,-18.721458773784356
-18.0,-18.72107765451664
-16.0,-18.71964097148891
-15.0,-18.717678100263853
-14.0,-18.71518987341772
-16.0,-18.71375856615709
-16.0,-18.71232876712329
-16.0,-18.71090047393365
-19.0,-18.711052631578948
-19.0,-18.711204629142557
-17.0,-18.71030494216614
-14.0,-18.707829742511823
-20.0,-18.708508403361346
-17.0,-18.70761154855643
-19.0,-18.707764952780693
-14.0,-18.705296276874673
-18.0,-18.704926624737947
-17.0,-18.704033525405972
-19.0,-18.70418848167539
-13.0,-18.701203558346414
-16.0,-18.69979079497908
-17.0,-18.69890224777836
-19.0,-18.699059561128525
-18.0,-18.69869451697128
-17.0,-18.697807933194156
-13.0,-18.694835680751172
-16.0,-18.693430656934307
-14.0,-18.69098488796248
-14.0,-18.688541666666666
-16.0,-18.68714211348256
-17.0,-18.686264308012486
-17.0,-18.68538741549662
-18.0,-18.685031185031185
-17.0,-18.684155844155843
-15.0,-18.682242990654206
-14.0,-18.679813181110536
-16.0,-18.678423236514522
-21.0,-18.6796267496112
-17.0,-18.678756476683937
-15.0,-18.676851372345936
-18.0,-18.676501035196686
-17.0,-18.67563372995344
-17.0,-18.67476732161324
-17.0,-18.67390180878553
-18.0,-18.673553719008265
-17.0,-18.672689726381
-17.0,-18.671826625387
-14.0,-18.669417225373905
-18.0,-18.669072164948453
-17.0,-18.66821226172076
-16.0,-18.666838311019568
-17.0,-18.665980442614515
-19.0,-18.666152263374485
-14.0,-18.66375321336761
-16.0,-18.662384378211716
-18.0,-18.662044170518747
-15.0,-18.66016427104723
-17.0,-18.659312467932274
-17.0,-18.658461538461538
-14.0,-18.656073808303436
-19.0,-18.65625
-16.0,-18.654889912954427
-18.0,-18.654554759467757
-18.0,-18.654219948849104
-11.0,-18.650306748466257
-14.0,-18.647930505876342
-18.0,-18.647599591419816
-13.0,-18.644716692189892
-21.0,-18.64591836734694
-14.0,-18.643549209586947
-18.0,-18.64322120285423
-20.0,-18.643912379011716
-15.0,-18.64205702647658
-17.0,-18.641221374045802
-18.0,-18.64089521871821
-16.0,-18.639552618200305
-16.0,-18.63821138211382
-16.0,-18.636871508379887
-16.0,-18.635532994923857
-11.0,-18.63165905631659
-16.0,-18.63032454361055
-17.0,-18.629498226051698
-18.0,-18.62917933130699
-17.0,-18.628354430379748
-19.0,-18.62854251012146
-18.0,-18.628224582701062
-18.0,-18.627906976744185
-16.0,-18.626579080343607
-17.0,-18.625757575757575
-18.0,-18.625441696113075
-17.0,-18.624621594349144
-16.0,-18.623298033282904
-18.0,-18.62298387096774
-16.0,-18.621662468513854
-16.0,-18.620342396777442
-17.0,-18.619526925012583
-16.0,-18.6182092555332
-19.0,-18.618401206636502
-16.0,-18.617085427135677
-20.0,-18.617780010045202
-18.0,-18.617469879518072
-17.0,-18.616658304064224
-17.0,-18.615847542627883
-12.0,-18.612531328320802
-12.0,-18.609218436873746
-18.0,-18.60891337005508
-16.0,-18.60760760760761
-18.0,-18.607303651825912
-15.0,-18.6055
-16.0,-18.604197901049474
-15.0,-18.602397602397602
-13.0,-18.599600599101347
-15.0,-18.597804391217565
-14.0,-18.595511221945138
-16.0,-18.594217347956132
-15.0,-18.592426507224715
-18.0,-18.592131474103585
-19.0,-18.592334494773517
-13.0,-18.58955223880597
-16.0,-18.588264545002485
-13.0,-18.58548707753479
-17.0,-18.584699453551913
-17.0,-18.583912611717974
-16.0,-18.582630272952855
-17.0,-18.581845238095237
-18.0,-18.58155676747645
-16.0,-18.5802775024777
-18.0,-18.579990094105995
-17.0,-18.57920792079208
-18.0,-18.5789213260762
-18.0,-18.578635014836795
-17.0,-18.577854671280278
-17.0,-18.57707509881423
-14.0,-18.574814814814815
-15.0,-18.573050345508392
-16.0,-18.57178095707943
-17.0,-18.571005917159763
-15.0,-18.569245933957614
-19.0,-18.569458128078818
-15.0,-18.56770064007878
-16.0,-18.566437007874015
-16.0,-18.565174618789964
-20.0,-18.56588003933137
-18.0,-18.565601965601967
-16.0,-18.56434184675835
-15.0,-18.56259204712813
-16.0,-18.561334641805693
-18.0,-18.561059342815106
-17.0,-18.560294117647057
-13.0,-18.557569818716317
-14.0,-18.55533790401567
-20.0,-18.556045031815955
-16.0,-18.554794520547944
-14.0,-18.552567237163814
-15.0,-18.550830889540567
-18.0,-18.55056179775281
-18.0,-18.55029296875
-18.0,-18.55002440214739
-18.0,-18.549756097560977
-14.0,-18.547537786445638
-17.0,-18.546783625730995
-20.0,-18.547491475888943
-17.0,-18.546738072054527
-16.0,-18.54549878345499
-17.0,-18.544747081712064
-15.0,-18.543023821098686
-13.0,-18.54033041788144
-14.0,-18.53812530354541
-15.0,-18.53640776699029
-15.0,-18.53469189713731
-20.0,-18.53540252182347
-15.0,-18.533688802714494
-18.0,-18.53343023255814
-19.0,-18.53365617433414
-18.0,-18.533397870280737
-15.0,-18.531688437348816
-16.0,-18.530464216634428
-17.0,-18.52972450459159
-15.0,-18.528019323671497
-16.0,-18.526798647996138
-17.0,-18.526061776061777
-18.0,-18.525808007718283
-20.0,-18.526518804243008
-17.0,-18.52578313253012
-15.0,-18.52408477842004
-21.0,-18.52527684159846
-17.0,-18.524542829643888
-18.0,-18.524290524290524
-12.0,-18.521153846153847
-16.0,-18.519942335415667
-15.0,-18.51825168107589
-15.0,-18.516562650024003
-17.0,-18.515834932821498
-18.0,-18.51558752997602
-14.0,-18.513422818791945
-17.0,-18.512697652132246
-16.0,-18.511494252873565
-18.0,-18.511249401627573
-14.0,-18.509090909090908
-18.0,-18.50884744141559
-16.0,-18.507648183556405
-16.0,-18.506450071667462
-14.0,-18.50429799426934
-15.0,-18.502625298329356
-17.0,-18.501908396946565
-15.0,-18.500238435860755
-20.0,-18.50095328884652
-17.0,-18.500238208670794
-18.0,-18.5
-13.0,-18.49738219895288
-14.0,-18.49524262607041
-14.0,-18.493105087969568
-19.0,-18.49334600760456
-14.0,-18.49121140142518
-17.0,-18.490503323836656
-16.0,-18.489321309919315
-18.0,-18.48908918406072
-17.0,-18.488383119962066
-18.0,-18.488151658767773
-18.0,-18.487920416864046
-16.0,-18.486742424242426
-17.0,-18.48603880738287
-12.0,-18.482970671712394
-18.0,-18.48274231678487
-15.0,-18.48109640831758
-14.0,-18.478979688238073
-19.0,-18.47922568460812
-17.0,-18.478527607361965
-15.0,-18.47688679245283
-17.0,-18.476190476190474
-14.0,-18.47408105560792
-16.0,-18.47291568535092
-18.0,-18.472693032015066
-20.0,-18.473411764705883
-13.0,-18.470837253057386
-15.0,-18.469205453690645
-14.0,-18.467105263157894
-16.0,-18.465946453734148
-15.0,-18.464319248826293
-18.0,-18.464101360863445
-18.0,-18.463883677298313
-18.0,-18.463666197843413
-19.0,-18.463917525773194
-14.0,-18.46182669789227
-16.0,-18.46067415730337
-19.0,-18.460926532522226
-15.0,-18.45930776426567
-17.0,-18.458625525946704
-18.0,-18.45841121495327
-17.0,-18.457730032695004
-17.0,-18.45704948646125
-17.0,-18.45636957536164
-17.0,-18.455690298507463
-12.0,-18.45268065268065
-14.0,-18.450605778191985
-16.0,-18.44946436888682
-17.0,-18.4487895716946
-16.0,-18.447650069799906
-16.0,-18.446511627906975
-15.0,-18.444909344490934
-18.0,-18.444702602230482
-13.0,-18.44217371110079
-14.0,-18.440111420612812
-16.0,-18.438979118329467
-16.0,-18.437847866419293
-18.0,-18.43764487714418
-16.0,-18.436515291936978
-17.0,-18.43584993052339
-13.0,-18.433333333333334
-18.0,-18.433132808884775
-18.0,-18.432932469935245
-19.0,-18.43319463707813
-15.0,-18.431608133086876
-18.0,-18.431408775981524
-16.0,-18.43028624192059
-14.0,-18.428241808952468
-17.0,-18.42758302583026
-16.0,-18.426463808206545
-16.0,-18.425345622119817
-16.0,-18.424228466144633
-14.0,-18.42219152854512
-16.0,-18.421076852277956
-13.0,-18.418583256669734
-18.0,-18.418390804597703
-17.0,-18.417738970588236
-13.0,-18.415250344510795
-15.0,-18.413682277318642
-16.0,-18.412574575493345
-15.0,-18.411009174311925
-16.0,-18.40990371389271
-15.0,-18.4083409715857
-17.0,-18.407695831424643
-16.0,-18.406593406593405
-17.0,-18.405949656750572
-14.0,-18.403934126258005
-18.0,-18.403749428440786
-16.0,-18.402650822669106
-20.0,-18.40338053905893
-20.0,-18.404109589041095
-15.0,-18.402555910543132
-17.0,-18.40191605839416
-17.0,-18.401276789785683
-20.0,-18.40200546946217
-19.0,-18.402277904328017
-15.0,-18.40072859744991
-19.0,-18.401001365498406
-19.0,-18.401273885350317
-18.0,-18.401091405184175
-18.0,-18.400909090909092
-15.0,-18.399363925488416
-16.0,-18.39827429609446
-16.0,-18.39718565592374
-15.0,-18.395644283121598
-16.0,-18.39455782312925
-16.0,-18.393472348141433
-16.0,-18.392387856819212
-17.0,-18.391757246376812
-17.0,-18.39112720688094
-19.0,-18.391402714932127
-18.0,-18.39122568973315
-17.0,-18.390596745027125
-18.0,-18.390420244012653
-15.0,-18.38888888888889
-16.0,-18.38781038374718
-17.0,-18.387184115523464
-17.0,-18.386558412268833
-18.0,-18.386384129846707
-19.0,-18.38666065795403
-15.0,-18.385135135135137
-16.0,-18.384061233678523
-18.0,-18.383888388838884
-17.0,-18.383265856950068
-15.0,-18.381744604316548
-17.0,-18.381123595505617
-20.0,-18.38185085354897
-17.0,-18.381230354737315
-16.0,-18.38016157989228
-14.0,-18.378196500672946
-18.0,-18.378026905829596
-18.0,-18.377857463021066
-13.0,-18.375448028673834
-17.0,-18.374832064487236
-17.0,-18.374216651745748
-17.0,-18.373601789709173
-19.0,-18.373881932021465
-18.0,-18.37371479660259
-18.0,-18.37354781054513
-18.0,-18.37338097364895
-19.0,-18.373660714285716
-19.0,-18.373940205265505
-18.0,-18.37377341659233
-17.0,-18.373160945162727
-14.0,-18.37121212121212
-14.0,-18.369265033407572
-19.0,-18.369545859305433
-15.0,-18.368046283934135
-20.0,-18.368772241992882
-17.0,-18.368163628279234
-19.0,-18.368444444444446
-16.0,-18.367392270102176
-17.0,-18.366785079928952
-14.0,-18.364846870838882
-19.0,-18.365128660159716
-20.0,-18.365853658536587
-18.0,-18.3656914893617
-17.0,-18.365086397873284
-17.0,-18.364481842338353
-18.0,-18.3643204957946
-17.0,-18.363716814159293
-17.0,-18.36311366651924
-16.0,-18.362068965517242
-19.0,-18.362350861688025
-18.0,-18.362190812720847
-17.0,-18.36158940397351
-19.0,-18.36187113857017
-14.0,-18.35994706660785
-16.0,-18.358906525573193
-14.0,-18.356985456148085
-15.0,-18.355506607929517
-17.0,-18.35490973139586
-19.0,-18.355193661971832
-18.0,-18.35503739551254
-19.0,-18.355321020228672
-18.0,-18.355164835164835
-14.0,-18.353251318101933
-15.0,-18.35177865612648
-14.0,-18.349868305531167
-14.0,-18.34795963141729
-21.0,-18.349122807017544
-18.0,-18.3489697501096
-13.0,-18.346625766871167
-16.0,-18.345597897503286
-13.0,-18.34325744308231
-17.0,-18.342669584245076
-15.0,-18.341207349081365
-20.0,-18.34193266287713
-12.0,-18.33916083916084
-19.0,-18.339449541284402
-17.0,-18.33886462882096
-16.0,-18.33784373635967
-16.0,-18.336823734729492
-14.0,-18.334932402965546
-18.0,-18.33478639930253
-16.0,-18.333769063180828
-18.0,-18.333623693379792
-18.0,-18.333478450152374
-19.0,-18.333768494342905
-19.0,-18.334058286211395
-17.0,-18.333478260869565
-12.0,-18.33072577140374
-17.0,-18.330147697654215
-17.0,-18.32957012592271
-19.0,-18.32986111111111
-18.0,-18.329718004338396
-14.0,-18.32784041630529
-16.0,-18.326831382748157
-15.0,-18.325389948006933
-18.0,-18.325249025552186
-16.0,-18.324242424242424
-20.0,-18.32496754651666
-19.0,-18.325259515570934
-16.0,-18.324254215304798
-17.0,-18.323681936041485
-14.0,-18.32181425485961
-17.0,-18.321243523316063
-15.0,-18.31981009926629
-15.0,-18.318377911993096
-17.0,-18.317809400603707
-15.0,-18.31637931034483
-19.0,-18.316673847479535
-18.0,-18.316537467700257
-15.0,-18.31510977184675
-20.0,-18.315834767641995
-13.0,-18.313548387096773
-13.0,-18.31126397248495
-16.0,-18.31027073485174
-19.0,-18.310567010309278
-19.0,-18.310863031343924
-19.0,-18.311158798283262
-19.0,-18.311454311454312
-19.0,-18.311749571183533
-19.0,-18.31204457779683
-15.0,-18.310625535561268
-16.0,-18.30963597430407
-15.0,-18.30821917808219
-17.0,-18.307659392383396
-17.0,-18.307100085543198
-17.0,-18.306541256947412
-16.0,-18.305555555555557
-11.0,-18.30243485689876
-16.0,-18.301451750640478
-17.0,-18.30089628681178
-18.0,-18.300767918088738
-20.0,-18.301492537313433
-15.0,-18.3000852514919
-18.0,-18.29995739241585
-17.0,-18.299403747870528
-17.0,-18.298850574712645
-16.0,-18.29787234042553
-16.0,-18.29689493832412
-16.0,-18.29591836734694
-18.0,-18.29579260518487
-16.0,-18.29481733220051
-18.0,-18.294692144373673
-12.0,-18.292020373514433
-16.0,-18.29104794229953
-15.0,-18.289652247667515
-15.0,-18.28825773632895
-17.0,-18.28771186440678
-13.0,-18.285472257518002
-16.0,-18.28450465707028
-13.0,-18.282268303004656
-16.0,-18.28130287648054
-11.0,-18.278224101479914
-17.0,-18.27768385460693
-16.0,-18.27672158850866
-16.0,-18.275760135135137
-19.0,-18.27606585056986
-13.0,-18.27383966244726
-12.0,-18.271193589202866
-16.0,-18.270236087689714
-16.0,-18.2692793931732
-16.0,-18.26832350463353
-14.0,-18.266526315789474
-18.0,-18.266414141414142
-15.0,-18.26503996634413
-16.0,-18.264087468460893
-17.0,-18.26355611601513
-17.0,-18.263025210084034
-17.0,-18.262494750105
-17.0,-18.261964735516372
-16.0,-18.261015526647082
-17.0,-18.260486577181208
-10.0,-18.257023060796644
-16.0,-18.25607711651299
-15.0,-18.254713028906576
-18.0,-18.25460636515913
-17.0,-18.254081205525324
-16.0,-18.253138075313807
-18.0,-18.253032204098705
-19.0,-18.25334448160535
-18.0,-18.25323861262014
-15.0,-18.25187969924812
-18.0,-18.251774530271398
-18.0,-18.251669449081803
-19.0,-18.25198164372132
-16.0,-18.251042535446206
-11.0,-18.248020008336805
-17.0,-18.2475
-20.0,-18.248229904206582
-16.0,-18.24729392173189
-19.0,-18.247607157719518
-13.0,-18.245424292845257
-13.0,-18.243243243243242
-16.0,-18.242310889443058
-20.0,-18.24304113003739
-16.0,-18.242109634551493
-21.0,-18.243254462432546
-17.0,-18.24273858921162
-17.0,-18.242223143923685
-17.0,-18.241708126036485
-18.0,-18.241607956900125
-17.0,-18.24109362054681
-19.0,-18.241407867494825
-14.0,-18.239652317880793
-17.0,-18.23913942904427
-18.0,-18.23904052936311
-17.0,-18.238528317486566
-16.0,-18.237603305785125
-17.0,-18.237092110698057
-18.0,-18.23699421965318
-17.0,-18.23648369789517
-16.0,-18.23556105610561
-14.0,-18.23381443298969
-18.0,-18.233718054410552
-16.0,-18.23279769262464
-17.0,-18.232289950576607
-14.0,-18.230547550432277
-17.0,-18.230041152263375
-18.0,-18.22994652406417
-13.0,-18.22779605263158
-16.0,-18.2268803945746
-17.0,-18.226376335250617
-16.0,-18.225462012320328
-16.0,-18.224548440065682
-17.0,-18.22404595814526
-17.0,-18.22354388843314
-15.0,-18.22222222222222
-19.0,-18.222540983606557
-17.0,-18.22204014748054
-17.0,-18.22153972153972
-12.0,-18.21899304134261
-16.0,-18.21808510638298
-19.0,-18.21840490797546
-18.0,-18.218315617334422
-16.0,-18.21740907233347
-15.0,-18.21609477124183
-15.0,-18.21478154348714
-16.0,-18.21387755102041
-19.0,-18.21419828641371
-15.0,-18.212887438825447
-15.0,-18.211577660008153
-18.0,-18.211491442542787
-18.0,-18.211405295315682
-18.0,-18.21131921824104
-18.0,-18.21123321123321
-13.0,-18.209113100081368
-14.0,-18.207401382675883
-16.0,-18.20650406504065
-17.0,-18.206013815522144
-18.0,-18.205930138099106
-16.0,-18.205034510759237
-16.0,-18.20413961038961
-18.0,-18.204056795131844
-17.0,-18.203568532035685
-18.0,-18.203486015403325
-13.0,-18.20137763371151
-17.0,-18.200891049007694
-16.0,-18.2
-10.0,-18.196681505463374
-16.0,-18.1957928802589
-17.0,-18.195309340881522
-16.0,-18.194421988682297
-17.0,-18.193939393939395
-19.0,-18.19426494345719
-14.0,-18.19257165926524
-13.0,-18.19047619047619
-15.0,-18.18918918918919
-14.0,-18.1875
-18.0,-18.187424425634823
-16.0,-18.186543110394844
-13.0,-18.184454289166332
-16.0,-18.183574879227052
-17.0,-18.183098591549296
-18.0,-18.183024939662108
-15.0,-18.18174507438681
-17.0,-18.181270096463024
-15.0,-18.179991964644437
-14.0,-18.17831325301205
-20.0,-18.179044560417502
-10.0,-18.175762439807382
-19.0,-18.176093060569595
-18.0,-18.176022453889335
-16.0,-18.175150300601203
-15.0,-18.173878205128204
-16.0,-18.173007609130956
-16.0,-18.172137710168133
-16.0,-18.17126850740296
-17.0,-18.1708
-18.0,-18.170731707317074
-16.0,-18.16986410871303
-17.0,-18.169396723931282
-15.0,-18.168130990415335
-18.0,-18.168063872255487
-17.0,-18.16759776536313
-14.0,-18.165935380933387
-12.0,-18.16347687400319
-18.0,-18.163411717815862
-16.0,-18.162549800796814
-15.0,-18.161290322580644
-17.0,-18.160828025477706
-15.0,-18.15957023477915
-13.0,-18.157517899761338
-18.0,-18.15745526838966
-18.0,-18.157392686804453
-15.0,-18.156138259833135
-19.0,-18.15647339158062
-19.0,-18.15680825724494
-12.0,-18.15436507936508
-18.0,-18.154303847679493
-17.0,-18.153846153846153
-16.0,-18.1529924692826
-17.0,-18.15253565768621
-14.0,-18.15089108910891
-19.0,-18.151227236737924
-18.0,-18.151167392164623
-16.0,-18.150316455696203
-15.0,-18.149070778964017
-21.0,-18.150197628458496
-13.0,-18.148162781509285
-14.0,-18.14652448657188
-16.0,-18.145677062771416
-18.0,-18.14561957379637
-15.0,-18.144378698224852
-17.0,-18.143927444794954
-16.0,-18.14308238076468
-16.0,-18.142237982663513
-17.0,-18.141788105553367
-17.0,-18.141338582677164
-16.0,-18.140495867768596
-17.0,-18.140047206923683
-15.0,-18.13881242626819
-15.0,-18.1375786163522
-19.0,-18.137917485265227
-15.0,-18.13668499607227
-17.0,-18.136238712210442
-16.0,-18.135400313971743
-16.0,-18.13456257355826
-14.0,-18.132941176470588
-16.0,-18.132105056840455
-10.0,-18.128918495297807
-17.0,-18.128476302389345
-15.0,-18.127251370399375
-18.0,-18.12720156555773
-17.0,-18.12676056338028
-17.0,-18.126319906140008
-19.0,-18.126661454261143
-13.0,-18.12465806955842
-11.0,-18.121875
-16.0,-18.121046466224133
-15.0,-18.11982825917252
-18.0,-18.1197815060476
-18.0,-18.119734789391575
-18.0,-18.119688109161793
-14.0,-18.118082618862044
-14.0,-18.116478379431243
-13.0,-18.114485981308412
-15.0,-18.113273647333592
-16.0,-18.112451361867706
-17.0,-18.112018669778298
-15.0,-18.11080870917574
-17.0,-18.110376991838322
-9.0,-18.10683760683761
-16.0,-18.10601941747573
-16.0,-18.105201863354036
-16.0,-18.104384943733024
-18.0,-18.104344453064392
-14.0,-18.102753005040714
-12.0,-18.100387596899225
-17.0,-18.099961255327393
-18.0,-18.09992254066615
-17.0,-18.099496709252808
-16.0,-18.098684210526315
-14.0,-18.097098646034816
-19.0,-18.097447795823665
-14.0,-18.095863935059914
-19.0,-18.096213292117465
-12.0,-18.09385863267671
-14.0,-18.092277992277992
-18.0,-18.09224237746044
-20.0,-18.092978395061728
-14.0,-18.091399922869265
-16.0,-18.09059367771781
-16.0,-18.089788053949903
-16.0,-18.088983050847457
-17.0,-18.088563727377743
-18.0,-18.088529638183218
-19.0,-18.088880338591768
-18.0,-18.088846153846156
-17.0,-18.088427527873893
-18.0,-18.088393543428133
-18.0,-18.08835958509412
-14.0,-18.08678955453149
-14.0,-18.085220729366604
-16.0,-18.084420567920183
-19.0,-18.084771768316074
-18.0,-18.08473926380368
-14.0,-18.083173629743197
-18.0,-18.083141762452108
-13.0,-18.08119494446572
-18.0,-18.081163859111793
-16.0,-18.08036739380023
-11.0,-18.077658760520276
-19.0,-18.078011472275335
-16.0,-18.077217125382262
-18.0,-18.07718761941154
-17.0,-18.07677616501146
-19.0,-18.07712867506682
-17.0,-18.076717557251907
-14.0,-18.07516215185044
-16.0,-18.07437070938215
-17.0,-18.073961113229128
-15.0,-18.072789634146343
-17.0,-18.072380952380954
-17.0,-18.07197258187357
-15.0,-18.070803197563762
-15.0,-18.069634703196346
-19.0,-18.06998858881704
-15.0,-18.068821292775667
-19.0,-18.069175218548082
-16.0,-18.06838905775076
-18.0,-18.068363083934674
-18.0,-18.068337129840547
-16.0,-18.067552182163187
-13.0,-18.065629742033384
-17.0,-18.065225635191506
-17.0,-18.064821834723276
-18.0,-18.064797271693823
-19.0,-18.065151515151516
-18.0,-18.065126845891708
-20.0,-18.06585919757759
-18.0,-18.06583427922815
-17.0,-18.065431164901664
-19.0,-18.06578449905482
-19.0,-18.066137566137566
-17.0,-18.065734794106536
-16.0,-18.064954682779454
-19.0,-18.06530766326916
-17.0,-18.06490566037736
-21.0,-18.066012825348924
-19.0,-18.066365007541478
-18.0,-18.066339992461366
-16.0,-18.065561416729466
-17.0,-18.065160075329565
-17.0,-18.06475903614458
-18.0,-18.06473466315393
-17.0,-18.064334085778782
-20.0,-18.065062053403537
-19.0,-18.065413533834587
-15.0,-18.064261555806088
-18.0,-18.064237415477084
-14.0,-18.062711227938415
-16.0,-18.061936936936938
-16.0,-18.061163227016884
-14.0,-18.059639909977495
-16.0,-18.058867641544808
-11.0,-18.05622188905547
-17.0,-18.055826152116897
-16.0,-18.05505617977528
-16.0,-18.05428678397604
-18.0,-18.05426646706587
-13.0,-18.052375607931165
-18.0,-18.05235602094241
-19.0,-18.05271028037383
-19.0,-18.053064275037368
-17.0,-18.052670900261486
-17.0,-18.05227781926811
-17.0,-18.051885031728258
-17.0,-18.051492537313433
-17.0,-18.051100335695637
-16.0,-18.050335570469798
-17.0,-18.049944092433844
-17.0,-18.049552906110282
-17.0,-18.049162011173184
-17.0,-18.048771407297096
-18.0,-18.0487532564198
-17.0,-18.048363095238095
-19.0,-18.04871699516549
-17.0,-18.04832713754647
-19.0,-18.04868078781122
-15.0,-18.047548291233284
-17.0,-18.0471593018938
-18.0,-18.047141796585002
-14.0,-18.0456400742115
-14.0,-18.04413946587537
-14.0,-18.04263997033741
-17.0,-18.04225352112676
-17.0,-18.041867358280843
-17.0,-18.041481481481483
-18.0,-18.041466123657905
-17.0,-18.041080680977053
-13.0,-18.03921568627451
-17.0,-18.038831360946745
-19.0,-18.039186691312384
-17.0,-18.03880266075388
-17.0,-18.038418913926858
-15.0,-18.037296898079763
-16.0,-18.036544850498338
-17.0,-18.036162361623617
-16.0,-18.03541128734784
-18.0,-18.035398230088497
-19.0,-18.03575377810542
-17.0,-18.035372144436256
-16.0,-18.03462246777164
-16.0,-18.033873343151694
-16.0,-18.033124769966875
-16.0,-18.032376747608534
-15.0,-18.031261493196027
-17.0,-18.030882352941177
-17.0,-18.03050349136347
-15.0,-18.02939015429831
-17.0,-18.02901211898641
-18.0,-18.02900146842878
-19.0,-18.029357798165137
-14.0,-18.027879677182685
-17.0,-18.027502750275026
-17.0,-18.027126099706745
-14.0,-18.02565042139978
-18.0,-18.025641025641026
-19.0,-18.025997803002564
-16.0,-18.025256222547583
-17.0,-18.024881083058908
-18.0,-18.024871982443308
-17.0,-18.024497257769653
-19.0,-18.02485380116959
-18.0,-18.024844720496894
-18.0,-18.02483564645727
-17.0,-18.024461482292807
-19.0,-18.024817518248174
-15.0,-18.023713973002554
-19.0,-18.024070021881837
-19.0,-18.02442581115567
-15.0,-18.02332361516035
-13.0,-18.02149362477231
-15.0,-18.0203932993445
-15.0,-18.019293775027304
-14.0,-18.01783114992722
-16.0,-18.017097126227718
-17.0,-18.016727272727273
-20.0,-18.017448200654307
-16.0,-18.01671511627907
-15.0,-18.01561932437341
-17.0,-18.015250544662308
-18.0,-18.01524500907441
-13.0,-18.01342525399129
-17.0,-18.013057671381937
-20.0,-18.013778100072518
-18.0,-18.0137731061979
-14.0,-18.01231884057971
-16.0,-18.011590003621876
-19.0,-18.011947863866762
-16.0,-18.01121968874412
-18.0,-18.011215629522432
-17.0,-18.01084990958409
-14.0,-18.00939985538684
-15.0,-18.00831225153596
-18.0,-18.008309248554912
-11.0,-18.005778259299387
-19.0,-18.006137184115524
-19.0,-18.00649584987369
-18.0,-18.006493506493506
-19.0,-18.00685178507032
-16.0,-18.006128334534967
-17.0,-18.005765765765766
-16.0,-18.005043227665706
-15.0,-18.003961109110552
-14.0,-18.002519798416127
-14.0,-18.001079525008997
-17.0,-18.00071942446043
-16.0,-18.0
-11.0,-17.997483824586627
-14.0,-17.99604743083004
-18.0,-17.996048850574713
-19.0,-17.996409335727108
-15.0,-17.995333811916726
-17.0,-17.99497667743093
-18.0,-17.994978479196558
-16.0,-17.994263176765866
-19.0,-17.99462365591398
-16.0,-17.993908993192406
-14.0,-17.992478510028654
-18.0,-17.992481203007518
-18.0,-17.992483894058697
-16.0,-17.991771019677998
-16.0,-17.991058655221746
-14.0,-17.98963174830175
-14.0,-17.988205861329522
-13.0,-17.98642372275813
-16.0,-17.985714285714284
-15.0,-17.984648339878614
-16.0,-17.983940042826553
-17.0,-17.983589011773102
-16.0,-17.982881597717547
-15.0,-17.98181818181818
-19.0,-17.98218104062723
-15.0,-17.98111863199145
-17.0,-17.98076923076923
-16.0,-17.98006407974368
-15.0,-17.979003558718862
-20.0,-17.979722518676628
-17.0,-17.97937411095306
-15.0,-17.978314966228226
-16.0,-17.97761194029851
-19.0,-17.97797513321492
-18.0,-17.977982954545453
-18.0,-17.97799077032304
-20.0,-17.978708303761533
-17.0,-17.97836112096488
-16.0,-17.977659574468085
-16.0,-17.976958525345623
-15.0,-17.97590361445783
-17.0,-17.97555791710946
-18.0,-17.97556657223796
-14.0,-17.9741592920354
-17.0,-17.97381457891012
-15.0,-17.972762645914397
-19.0,-17.973125884016973
-20.0,-17.973842347119124
-18.0,-17.97385159010601
-18.0,-17.97386082656305
-15.0,-17.972810734463277
-17.0,-17.972467349099894
-16.0,-17.971771347918136
-17.0,-17.97142857142857
-17.0,-17.97108603667137
-17.0,-17.970743743390905
-16.0,-17.970049330514446
-19.0,-17.970412116942587
-16.0,-17.969718309859154
-20.0,-17.970432946145724
-19.0,-17.97079521463758
-15.0,-17.96975026380584
-18.0,-17.969760900140646
-19.0,-17.9701230228471
-17.0,-17.969782150386507
-18.0,-17.96979276431331
-15.0,-17.96875
-16.0,-17.96805896805897
-14.0,-17.966666666666665
-20.0,-17.967379866713433
-20.0,-17.968092566619916
-17.0,-17.96775324220119
-15.0,-17.966713384723196
-17.0,-17.966374781085815
-18.0,-17.96638655462185
-17.0,-17.96604830241512
-16.0,-17.965360391882434
-16.0,-17.964672962574326
-20.0,-17.965384615384615
-17.0,-17.9650471862985
-15.0,-17.964011180992312
-17.0,-17.96367446734195
-17.0,-17.963337988826815
-15.0,-17.962303664921468
-17.0,-17.961967899511514
-18.0,-17.961981164980816
-15.0,-17.96094839609484
-15.0,-17.95991634715929
-15.0,-17.958885017421604
-17.0,-17.958551027516545
-12.0,-17.956476323119777
-15.0,-17.95544726766446
-16.0,-17.954766875434935
-11.0,-17.952347826086957
-16.0,-17.951668984700973
-18.0,-17.95168578380257
-18.0,-17.951702571230022
-20.0,-17.952414032650225
-18.0,-17.952430555555555
-17.0,-17.95209996528983
-19.0,-17.952463566967385
-16.0,-17.951786333680193
-19.0,-17.952149791955616
-18.0,-17.95216637781629
-16.0,-17.95148995148995
-18.0,-17.95150675441635
-15.0,-17.950484764542935
-20.0,-17.951194184839046
-17.0,-17.950865051903115
-18.0,-17.950882047734346
-16.0,-17.95020746887967
-18.0,-17.950224680262703
-18.0,-17.95024187975121
-17.0,-17.949913644214163
-15.0,-17.94889502762431
-18.0,-17.94891266827753
-18.0,-17.948930296756384
-16.0,-17.9482580200069
-13.0,-17.94655172413793
-16.0,-17.945880730782488
-16.0,-17.945210199862164
-15.0,-17.94419565966242
-20.0,-17.94490358126722
-19.0,-17.94526678141136
-17.0,-17.944941500344115
-14.0,-17.94358445132439
-16.0,-17.942916093535075
-15.0,-17.941904434513578
-18.0,-17.941924398625428
-19.0,-17.942287873582963
-16.0,-17.94162087912088
-15.0,-17.940611053896326
-14.0,-17.939258750857928
-19.0,-17.939622641509434
-17.0,-17.939300411522634
-13.0,-17.937607130613642
-20.0,-17.93831391363948
-17.0,-17.937992463172318
-14.0,-17.936643835616437
-18.0,-17.936665525504964
-16.0,-17.93600273785079
-17.0,-17.935682517961
-19.0,-17.936046511627907
-18.0,-17.936068376068377
-16.0,-17.935406698564595
-17.0,-17.935087119918006
-14.0,-17.933743169398905
-17.0,-17.93342437692045
-19.0,-17.933788395904436
-13.0,-17.932105083589217
-11.0,-17.92974079126876
-15.0,-17.92874190248892
-17.0,-17.92842535787321
-17.0,-17.92810902896082
-14.0,-17.92677111716621
-18.0,-17.926796050391555
-16.0,-17.926140231449967
-18.0,-17.926165362368153
-13.0,-17.92448979591837
-18.0,-17.924515470928256
-18.0,-17.924541128484023
-17.0,-17.924226979272852
-20.0,-17.92493206521739
-18.0,-17.924957555178267
-13.0,-17.92328581126952
-11.0,-17.920936545639634
-18.0,-17.920963364993217
-19.0,-17.921329264157343
-14.0,-17.92
-17.0,-17.919688241274145
-19.0,-17.920054200542005
-17.0,-17.919742634608873
-20.0,-17.920446851726474
-19.0,-17.920812182741116
-17.0,-17.920500676589988
-15.0,-17.919513019952653
-18.0,-17.919540229885058
-19.0,-17.919905373436972
-17.0,-17.919594594594596
-16.0,-17.918946301925025
-17.0,-17.918636056718434
-14.0,-17.91731353358083
-17.0,-17.917004048582996
-16.0,-17.916357504215853
-17.0,-17.91604855023601
-16.0,-17.915402763734413
-13.0,-17.91374663072776
-18.0,-17.913775682047827
-18.0,-17.913804713804712
-18.0,-17.913833726018176
-17.0,-17.913526244952894
-17.0,-17.91321897073663
-20.0,-17.91392064559516
-16.0,-17.91327731092437
-15.0,-17.912298387096776
-13.0,-17.910648303661404
-12.0,-17.908663532572195
-14.0,-17.90735146022155
-13.0,-17.90570469798658
-13.0,-17.904059040590408
-18.0,-17.90409121395037
-17.0,-17.90378813275226
-14.0,-17.902479892761395
-15.0,-17.901507537688442
-18.0,-17.901540522438044
-17.0,-17.90123870103783
-14.0,-17.899933065595715
-15.0,-17.898962863834058
-15.0,-17.89799331103679
-15.0,-17.897024406552994
-13.0,-17.89538770053476
-16.0,-17.894754426996325
-13.0,-17.89311957247829
-16.0,-17.892487479131887
-17.0,-17.89218958611482
-18.0,-17.892225558892225
-15.0,-17.891260840560374
-17.0,-17.890963654551516
-20.0,-17.891666666666666
-15.0,-17.890703098967013
-16.0,-17.890073284477015
-14.0,-17.888777888777888
-17.0,-17.88848202396804
-15.0,-17.887520798668884
-18.0,-17.887558216899535
-17.0,-17.887263052876623
-15.0,-17.88630319148936
-17.0,-17.886008640744432
-18.0,-17.886046511627907
-17.0,-17.88575224178014
-17.0,-17.88545816733068
-14.0,-17.88416860272154
-17.0,-17.883875248838752
-16.0,-17.883250414593697
-17.0,-17.882957559681696
-16.0,-17.882333443818364
-13.0,-17.880715705765407
-14.0,-17.879430274925472
-13.0,-17.877814569536422
-12.0,-17.875868917576963
-14.0,-17.874586366644607
-18.0,-17.874627853126032
-13.0,-17.873015873015873
-13.0,-17.871404958677687
-16.0,-17.870786516853933
-16.0,-17.870168483647177
-17.0,-17.86988110964333
-17.0,-17.869593925387917
-12.0,-17.867656765676568
-17.0,-17.8673705047839
-14.0,-17.866094986807386
-14.0,-17.864820309924166
-20.0,-17.865524060646013
-18.0,-17.865568369028008
-16.0,-17.864953886693016
-18.0,-17.86499835363846
-16.0,-17.864384463462805
-17.0,-17.86410003290556
-16.0,-17.863486842105264
-14.0,-17.86221637619204
-15.0,-17.861275476660094
-17.0,-17.860992441669406
-18.0,-17.861038107752957
-17.0,-17.860755336617405
-17.0,-17.860472751149047
-18.0,-17.860518542829013
-19.0,-17.860892388451443
-14.0,-17.859626106920302
-14.0,-17.858360655737705
-19.0,-17.858734841035727
-16.0,-17.858125819134994
-16.0,-17.857517196200458
-19.0,-17.85789129011133
-17.0,-17.857610474631752
-16.0,-17.857002617801047
-18.0,-17.857049394831535
-17.0,-17.856769130150425
-21.0,-17.857796665576984
-14.0,-17.85653594771242
-17.0,-17.8562561254492
-18.0,-17.856303069888963
-13.0,-17.854717597127
-18.0,-17.85476501305483
-11.0,-17.85252854812398
-18.0,-17.852576647097194
-20.0,-17.853276817737203
-19.0,-17.853650586701434
-21.0,-17.85467579015966
-15.0,-17.85374592833876
-19.0,-17.854119179420383
-16.0,-17.853515625
-18.0,-17.853563293198828
-17.0,-17.853285621340273
-17.0,-17.8530081300813
-18.0,-17.853055916775034
-17.0,-17.852778680532985
-17.0,-17.85250162443145
-17.0,-17.8522247482949
-18.0,-17.852272727272727
-14.0,-17.851022395326194
-16.0,-17.850421804023362
-14.0,-17.849172883554978
-15.0,-17.848249027237355
-15.0,-17.847325769854134
-15.0,-17.846403110823072
-14.0,-17.845157110463234
-16.0,-17.844559585492227
-18.0,-17.844609906118485
-19.0,-17.844983818770228
-16.0,-17.844386929796183
-14.0,-17.84314359637775
-13.0,-17.84157775622373
-15.0,-17.84065934065934
-17.0,-17.840387722132473
-20.0,-17.84108527131783
-16.0,-17.84049079754601
-19.0,-17.840865074241446
-13.0,-17.839303000968055
-17.0,-17.839032258064517
-18.0,-17.839084166397935
-17.0,-17.838813668600903
-18.0,-17.83886561392201
-20.0,-17.8395618556701
-15.0,-17.83864734299517
-16.0,-17.838055376690278
-17.0,-17.837785645317027
-18.0,-17.83783783783784
-18.0,-17.83788999678353
-13.0,-17.836334405144694
-18.0,-17.836387013821923
-16.0,-17.835796915167094
-12.0,-17.833922261484098
-14.0,-17.832691072575464
-16.0,-17.832102728731943
-14.0,-17.830872913992298
-14.0,-17.829643888354187
-19.0,-17.830019243104555
-16.0,-17.829432510420006
-14.0,-17.828205128205127
-17.0,-17.82793976289651
-12.0,-17.826073030108905
-12.0,-17.824207492795388
-18.0,-17.82426376440461
-15.0,-17.82336
-13.0,-17.821817018554064
-14.0,-17.820594819315637
-14.0,-17.819373401534527
-17.0,-17.81911153723234
-18.0,-17.819169329073482
-18.0,-17.819227083998722
-16.0,-17.818646232439335
-15.0,-17.817746568783914
-19.0,-17.818123803446074
-13.0,-17.816586921850078
-18.0,-17.816645408163264
-17.0,-17.816385081287855
-17.0,-17.816124920331422
-15.0,-17.815227779547627
-19.0,-17.8156050955414
-15.0,-17.814708691499522
-18.0,-17.814767663908338
-21.0,-17.815781100859052
-15.0,-17.814885496183205
-14.0,-17.813672496025436
-16.0,-17.81309599491418
-15.0,-17.812202097235463
-15.0,-17.81130876747141
-19.0,-17.81168624960305
-18.0,-17.811746031746033
-15.0,-17.810853697238972
-16.0,-17.810279187817258
-20.0,-17.810973675864258
-14.0,-17.809765377298667
-13.0,-17.80824088748019
-16.0,-17.80766793409379
-17.0,-17.80741210009503
-17.0,-17.80715642811906
-16.0,-17.80658436213992
-17.0,-17.80632911392405
-13.0,-17.804808604871877
-18.0,-17.804870335230866
-15.0,-17.803983559911476
-17.0,-17.803729456384325
-18.0,-17.803791469194312
-13.0,-17.802274162981682
-20.0,-17.802968108620146
-15.0,-17.802083333333332
-17.0,-17.80183023035658
-19.0,-17.802208201892743
-19.0,-17.802585935036266
-19.0,-17.80296343001261
-16.0,-17.802395209580837
-18.0,-17.802457466918714
-15.0,-17.801574803149606
-17.0,-17.80132241813602
-19.0,-17.80169971671388
-19.0,-17.802076777847702
-16.0,-17.801509908776346
-17.0,-17.80125786163522
-18.0,-17.801320339515875
-19.0,-17.801697045883092
-14.0,-17.800502670436696
-18.0,-17.800565326633166
-19.0,-17.80094191522763
-15.0,-17.800062774639045
-14.0,-17.79887041104487
-16.0,-17.798306148055207
-17.0,-17.79805581687049
-13.0,-17.79655172413793
-16.0,-17.795988718270134
-17.0,-17.795739348370926
-15.0,-17.79486376448481
-17.0,-17.794614902943017
-15.0,-17.79374021909233
-17.0,-17.79349186483104
-19.0,-17.793869252424148
-18.0,-17.793933708567856
-15.0,-17.793060331353548
-12.0,-17.79125
-18.0,-17.791315213995627
-15.0,-17.79044347282948
-20.0,-17.791133312519513
-18.0,-17.79119850187266
-15.0,-17.790327613104523
-13.0,-17.788833437305055
-14.0,-17.787652011225443
-18.0,-17.78771820448878
-19.0,-17.78809598005609
-19.0,-17.78847352024922
-17.0,-17.788227966365618
-16.0,-17.78767123287671
-16.0,-17.787114845938376
-17.0,-17.786869943995022
-16.0,-17.786314152410576
-15.0,-17.78544776119403
-16.0,-17.78489275722723
-19.0,-17.785270354257303
-17.0,-17.78502640571606
-17.0,-17.784782608695654
-17.0,-17.784538963054953
-14.0,-17.783364369956548
-14.0,-17.782190505739994
-19.0,-17.7825682382134
-14.0,-17.781395348837208
-16.0,-17.780843149411034
-18.0,-17.780911062906725
-19.0,-17.781288723667906
-15.0,-17.78042737689687
-17.0,-17.78018575851393
-15.0,-17.779325286289076
-15.0,-17.778465346534652
-17.0,-17.77822455923291
-15.0,-17.777365491651206
-16.0,-17.776816074188563
-15.0,-17.775957972805934
-16.0,-17.775409329626196
-17.0,-17.775169857936998
-16.0,-17.77462179685088
-19.0,-17.775
-15.0,-17.774143782783092
-19.0,-17.77452190006169
-11.0,-17.772432932469936
-13.0,-17.770961775585697
-18.0,-17.771032357473036
-16.0,-17.77048675292668
-19.0,-17.770865414228517
-14.0,-17.769704433497537
-13.0,-17.768236380424746
-13.0,-17.76676923076923
-18.0,-17.766840972008612
-13.0,-17.76537515375154
-16.0,-17.764832462342454
-13.0,-17.76336816226183
-13.0,-17.761904761904763
-18.0,-17.76197788697789
-18.0,-17.762050967147683
-13.0,-17.760589318600367
-15.0,-17.75974225222461
-19.0,-17.760122699386503
-16.0,-17.759582950015332
-19.0,-17.75996321275291
-21.0,-17.760956175298805
-14.0,-17.75980392156863
-19.0,-17.760183767228177
-16.0,-17.759644825474588
-18.0,-17.759718396082032
-15.0,-17.75887392900857
-15.0,-17.758029978586723
-16.0,-17.757492354740062
-15.0,-17.756649342708652
-18.0,-17.75672371638142
-15.0,-17.75588145432325
-16.0,-17.755345143555285
-17.0,-17.755114503816795
-18.0,-17.755189255189254
-14.0,-17.754043332316144
-14.0,-17.752898108602807
-21.0,-17.753888380603843
-14.0,-17.752743902439025
-13.0,-17.751295336787564
-17.0,-17.751066422912857
-16.0,-17.750533049040513
-16.0,-17.75
-19.0,-17.750380517503807
-16.0,-17.74984783931832
-16.0,-17.749315485244903
-16.0,-17.748783454987834
-17.0,-17.748555792034054
-15.0,-17.747720364741642
-17.0,-17.747493163172287
-14.0,-17.746354799513973
-18.0,-17.746431825083512
-18.0,-17.746508803885853
-16.0,-17.74597875569044
-15.0,-17.74514563106796
-16.0,-17.744616317864725
-9.0,-17.74196482716798
-17.0,-17.741739921188238
-19.0,-17.742121212121212
-17.0,-17.74189639503181
-11.0,-17.73985463355542
-18.0,-17.739933393884346
-18.0,-17.74001210653753
-18.0,-17.740090771558243
-18.0,-17.740169388989717
-17.0,-17.739945570003023
-18.0,-17.740024183796855
-17.0,-17.73980054397099
-13.0,-17.738368580060424
-16.0,-17.73784355179704
-15.0,-17.73701690821256
-20.0,-17.73769996981588
-18.0,-17.73777911888956
-18.0,-17.737858220211162
-16.0,-17.737334137515077
-16.0,-17.736810370817004
-16.0,-17.736286919831223
-12.0,-17.73455860198855
-19.0,-17.734939759036145
-17.0,-17.734718458295696
-18.0,-17.734798314268513
-16.0,-17.734276256394825
-18.0,-17.734356197352586
-17.0,-17.734135338345865
-13.0,-17.732711966325915
-17.0,-17.73249173429516
-18.0,-17.732572115384617
-18.0,-17.732652448182638
-17.0,-17.732432432432432
-17.0,-17.732212548784148
-15.0,-17.731392557022808
-15.0,-17.73057305730573
-16.0,-17.73005398920216
-14.0,-17.728935532233884
-17.0,-17.728717026378895
-16.0,-17.728198981120766
-11.0,-17.726183343319352
-15.0,-17.72536687631027
-18.0,-17.725449101796407
-17.0,-17.725231966477104
-14.0,-17.724117295032915
-17.0,-17.723900688004786
-16.0,-17.723385167464116
-18.0,-17.723467862481314
-17.0,-17.723251643753734
-16.0,-17.72273677920526
-17.0,-17.72252090800478
-16.0,-17.722006569125114
-18.0,-17.722089552238806
-13.0,-17.720680393912264
-13.0,-17.719272076372317
-8.0,-17.716373396957948
-19.0,-17.71675611210495
-17.0,-17.716542473919525
-15.0,-17.715733015494635
-17.0,-17.71551980935359
-14.0,-17.714413341274568
-12.0,-17.7127121167014
-15.0,-17.711904761904762
-19.0,-17.712288009520975
-16.0,-17.711778703152884
-18.0,-17.71186440677966
-17.0,-17.711652794292508
-19.0,-17.712035661218426
-13.0,-17.710635769459298
-13.0,-17.70923670923671
-20.0,-17.709916864608076
-15.0,-17.709112496289702
-16.0,-17.70860534124629
-20.0,-17.70928507861169
-17.0,-17.709074733096084
-16.0,-17.70856804032019
-14.0,-17.70746887966805
-14.0,-17.70637037037037
-17.0,-17.70616113744076
-19.0,-17.706544270062185
-11.0,-17.70455891059799
-18.0,-17.704646345072508
-15.0,-17.703846153846154
-16.0,-17.703342206447797
-17.0,-17.70313424009462
-14.0,-17.702039609813774
-19.0,-17.7024231678487
-17.0,-17.70221565731167
-14.0,-17.701122268163026
-16.0,-17.70062001771479
-18.0,-17.700708382526564
-13.0,-17.699321333726765
-17.0,-17.699115044247787
-16.0,-17.69861397817753
-16.0,-17.69811320754717
-15.0,-17.697318007662837
-15.0,-17.696523276370066
-16.0,-17.696023564064802
-16.0,-17.695524146054183
-19.0,-17.695908154253754
-18.0,-17.695997645673927
-16.0,-17.6954986760812
-16.0,-17.695
-19.0,-17.69538371067333
-16.0,-17.69488536155203
-16.0,-17.694387305318838
-18.0,-17.694477085781433
-19.0,-17.694860499265786
-17.0,-17.69465648854962
-19.0,-17.695039624302908
-16.0,-17.694542253521128
-15.0,-17.693751833382223
-15.0,-17.692961876832843
-14.0,-17.691879214306656
-17.0,-17.691676436107855
-17.0,-17.69147377673601
-17.0,-17.691271236086703
-17.0,-17.691068814055637
-18.0,-17.69115925058548
-11.0,-17.68920105355575
-19.0,-17.68958455236981
-13.0,-17.688212927756656
-18.0,-17.68830409356725
-17.0,-17.688102893890676
-17.0,-17.68790181180596
-18.0,-17.687992988606485
-16.0,-17.6875
-12.0,-17.685839416058393
-15.0,-17.68505545826036
-20.0,-17.685730960023346
-16.0,-17.685239206534423
-16.0,-17.68474773986585
-18.0,-17.684839650145772
-13.0,-17.683474205770914
-16.0,-17.682983682983682
-15.0,-17.68220215554908
-16.0,-17.681712288875946
-17.0,-17.681513828238717
-19.0,-17.681897555296857
-18.0,-17.681990107652023
-15.0,-17.681210005817334
-14.0,-17.680139575457982
-13.0,-17.67877906976744
-15.0,-17.67800058122639
-16.0,-17.677513073794305
-18.0,-17.677606738309613
-18.0,-17.677700348432055
-16.0,-17.67721335268505
-16.0,-17.676726639582125
-14.0,-17.675659994197854
-17.0,-17.67546403712297
-17.0,-17.675268193679326
-12.0,-17.6736231884058
-16.0,-17.673138220805562
-17.0,-17.672943221320974
-16.0,-17.672458731537795
-15.0,-17.671685002895195
-15.0,-17.670911722141824
-17.0,-17.67071759259259
-17.0,-17.670523575354352
-16.0,-17.670040485829958
-16.0,-17.669557675628795
-13.0,-17.66820809248555
-18.0,-17.668303958393526
-15.0,-17.66753321779318
-20.0,-17.668206757146983
-18.0,-17.668302540415706
-14.0,-17.66724386724387
-15.0,-17.666474321984996
-19.0,-17.66685895586963
-15.0,-17.666089965397923
-19.0,-17.666474488325164
-17.0,-17.66628242074928
-14.0,-17.66522615960818
-19.0,-17.66561059907834
-15.0,-17.664843075151165
-13.0,-17.66350028785262
-18.0,-17.663597122302157
-15.0,-17.66283084004603
-14.0,-17.661777394305435
-16.0,-17.66129959746981
-16.0,-17.660822075308996
-18.0,-17.660919540229884
-18.0,-17.661016949152543
-14.0,-17.659965537047675
-15.0,-17.65920183749641
-17.0,-17.659012629161882
-15.0,-17.658249641319944
-17.0,-17.65806081468732
-18.0,-17.65815887582449
-16.0,-17.657683486238533
-18.0,-17.657781599312123
-18.0,-17.657879656160457
-17.0,-17.657691205958177
-20.0,-17.65836197021764
-18.0,-17.65845977669625
-15.0,-17.657698912421292
-17.0,-17.657510729613733
-16.0,-17.65703661327231
-16.0,-17.656562768086932
-20.0,-17.657232704402517
-18.0,-17.657330665904546
-16.0,-17.65685714285714
-15.0,-17.656098257640675
-17.0,-17.65591090805254
-15.0,-17.655152726234657
-20.0,-17.65582191780822
-20.0,-17.6564907275321
-15.0,-17.655733029092982
-19.0,-17.65611633875107
-19.0,-17.65649942987457
-18.0,-17.656597321174125
-19.0,-17.656980056980057
-18.0,-17.657077755625178
-14.0,-17.656036446469248
-16.0,-17.655565044121833
-15.0,-17.654809334092203
-16.0,-17.65433854907539
-17.0,-17.65415244596132
-17.0,-17.65396644867785
-19.0,-17.654349061967025
-17.0,-17.65416311452117
-15.0,-17.65340909090909
-18.0,-17.653507526270946
-17.0,-17.653321976149915
-16.0,-17.652852682372977
-18.0,-17.65295119182747
-9.0,-17.650496453900708
-16.0,-17.650028360748724
-18.0,-17.650127587184578
-12.0,-17.648526077097507
-20.0,-17.649192405780674
-16.0,-17.64872521246459
-11.0,-17.64684225431889
-15.0,-17.646092865232163
-15.0,-17.64534390036796
-17.0,-17.64516129032258
-19.0,-17.645544554455444
-15.0,-17.644796380090497
-15.0,-17.64404862878145
-18.0,-17.644149236856983
-12.0,-17.64255439389658
-14.0,-17.641525423728815
-18.0,-17.641626659135838
-20.0,-17.642292490118578
-14.0,-17.641264465142534
-20.0,-17.641930022573362
-16.0,-17.641466854724964
-16.0,-17.641003948110548
-14.0,-17.639977445728785
-15.0,-17.63923337091319
-18.0,-17.63933502395041
-13.0,-17.638028169014085
-16.0,-17.63756688256829
-15.0,-17.636824324324323
-19.0,-17.637207993245145
-17.0,-17.637028700056273
-14.0,-17.636005625879044
-19.0,-17.636389201349832
-16.0,-17.635929153781277
-17.0,-17.63575042158516
-16.0,-17.63529081202585
-19.0,-17.63567415730337
-14.0,-17.634653187306935
-20.0,-17.635317237507017
-12.0,-17.633735616053887
-16.0,-17.63327721661055
-17.0,-17.633099579242636
-14.0,-17.632080762759394
-15.0,-17.63134286515279
-11.0,-17.629484304932735
-19.0,-17.62986831045111
-14.0,-17.628851540616246
-13.0,-17.627555306636797
-17.0,-17.627379619260918
-12.0,-17.62580464595578
-18.0,-17.625909345271406
-17.0,-17.625734265734266
-17.0,-17.62555928411633
-16.0,-17.62510483645513
-14.0,-17.624091671324763
-18.0,-17.62419670298966
-16.0,-17.623743016759775
-17.0,-17.623568835520803
-17.0,-17.623394751535454
-16.0,-17.622941668992464
-16.0,-17.622488839285715
-18.0,-17.622594142259413
-13.0,-17.621305075292806
-16.0,-17.620853080568722
-15.0,-17.620122630992196
-17.0,-17.619949846753972
-17.0,-17.619777158774372
-15.0,-17.61904761904762
-19.0,-17.619432071269486
-15.0,-17.618703033676592
-15.0,-17.617974401780746
-18.0,-17.61808066759388
-16.0,-17.617630700778644
-17.0,-17.617458993605783
-15.0,-17.616731517509727
-17.0,-17.616560155598776
-16.0,-17.61611111111111
-16.0,-17.615662316023325
-16.0,-17.615213770127706
-16.0,-17.614765473216764
-17.0,-17.6145948945616
-19.0,-17.61497919556172
-9.0,-17.61259012756517
-18.0,-17.61269753257555
-15.0,-17.6119733924612
-12.0,-17.610418398448324
-16.0,-17.609972299168977
-15.0,-17.609249515369704
-19.0,-17.609634551495017
-16.0,-17.6091890395793
-14.0,-17.6081903707803
-15.0,-17.60746887966805
-17.0,-17.60730088495575
-17.0,-17.607132983135195
-16.0,-17.606688778330568
-15.0,-17.605968499585522
-16.0,-17.605524861878454
-17.0,-17.60535763601215
-18.0,-17.605466593042518
-16.0,-17.605023461219982
-14.0,-17.604028697571742
-17.0,-17.60386206896552
-18.0,-17.60397131825703
-18.0,-17.604080507306314
-13.0,-17.602811466372657
-18.0,-17.602920914852575
-12.0,-17.60137741046832
-16.0,-17.600936381162214
-18.0,-17.601046255506606
-17.0,-17.600880814753648
-16.0,-17.60044028618602
-16.0,-17.6
-17.0,-17.59983498349835
-16.0,-17.599395105856477
-16.0,-17.598955470038483
-18.0,-17.599065677383898
-13.0,-17.5978021978022
-18.0,-17.59791266135677
-18.0,-17.598023064250413
-19.0,-17.59840790557233
-16.0,-17.597969264544457
-19.0,-17.598353909465022
-16.0,-17.597915523861765
-17.0,-17.597751576638334
-17.0,-17.597587719298247
-16.0,-17.59714990408331
-13.0,-17.595890410958905
-18.0,-17.59600109559025
-19.0,-17.596385542168676
-20.0,-17.59704352586915
-17.0,-17.59688013136289
-19.0,-17.597264021887824
-15.0,-17.596553610503282
-18.0,-17.59666393218485
-18.0,-17.596774193548388
-17.0,-17.596611095927848
-17.0,-17.596448087431693
-12.0,-17.594919420923244
-16.0,-17.594483888585472
-15.0,-17.593775593775593
-15.0,-17.59306768558952
-16.0,-17.59263301500682
-16.0,-17.592198581560282
-12.0,-17.590673575129532
-17.0,-17.59051254089422
-15.0,-17.58980648678114
-15.0,-17.58910081743869
-17.0,-17.58894034323073
-15.0,-17.58823529411765
-17.0,-17.58807514293493
-12.0,-17.586554164398475
-16.0,-17.58612244897959
-16.0,-17.58569096844396
-16.0,-17.585259722599947
-14.0,-17.584284937466013
-17.0,-17.584126121228596
-19.0,-17.584510869565218
-16.0,-17.584080412931268
-19.0,-17.5844649646931
-19.0,-17.58484930762965
-16.0,-17.584419109663408
-18.0,-17.584531886024422
-17.0,-17.584373304395008
-13.0,-17.583129915920804
-17.0,-17.58297180043384
-16.0,-17.582542694497153
-19.0,-17.582926829268292
-15.0,-17.58222703874289
-20.0,-17.58288190682557
-15.0,-17.58218250744652
-18.0,-17.582295614510016
-18.0,-17.582408660351827
-19.0,-17.582792207792206
-19.0,-17.583175547741412
-13.0,-17.581936181719847
-15.0,-17.581238172479047
-17.0,-17.58108108108108
-16.0,-17.58065387733045
-13.0,-17.579416531604537
-18.0,-17.579530110721038
-18.0,-17.579643628509718
-17.0,-17.57948717948718
-19.0,-17.579870480302212
-15.0,-17.579174534664148
-19.0,-17.579557713052857
-14.0,-17.578592612564034
-18.0,-17.578706199460918
-15.0,-17.578011317704124
-17.0,-17.577855603448278
-19.0,-17.578238621061136
-18.0,-17.578352180936996
-20.0,-17.57900403768506
-14.0,-17.578040904198062
-13.0,-17.576809254775355
-16.0,-17.57638515330823
-19.0,-17.57676794837322
-16.0,-17.576344086021507
-17.0,-17.576189196452567
-16.0,-17.57576571735626
-12.0,-17.574268063389738
-17.0,-17.57411385606874
-12.0,-17.57261744966443
-15.0,-17.57192699946323
-15.0,-17.571236919774616
-16.0,-17.570815450643778
-17.0,-17.57066237597211
-18.0,-17.57077747989276
-16.0,-17.570356472795496
-17.0,-17.570203644158628
-15.0,-17.569515135279936
-15.0,-17.568826995179432
-15.0,-17.56813922356091
-18.0,-17.568254817987153
-15.0,-17.56756756756757
-16.0,-17.567148207597647
-14.0,-17.566194169564053
-18.0,-17.566310160427808
-16.0,-17.565891472868216
-15.0,-17.565205772314272
-19.0,-17.565589099652684
-19.0,-17.56597222222222
-18.0,-17.566088117489986
-19.0,-17.566470902295784
-17.0,-17.56631972244462
-18.0,-17.566435432230524
-17.0,-17.566284342491333
-17.0,-17.566133333333333
-18.0,-17.566249000266595
-13.0,-17.56503198294243
-16.0,-17.56461497468692
-18.0,-17.56473095364944
-16.0,-17.564314247669774
-16.0,-17.563897763578275
-18.0,-17.56401384083045
-15.0,-17.563331559340075
-17.0,-17.56318169725991
-18.0,-17.563297872340424
-15.0,-17.56261632544536
-13.0,-17.56140350877193
-18.0,-17.5615200637789
-17.0,-17.561370882040382
-17.0,-17.56122177954847
-17.0,-17.561072756240044
-17.0,-17.56092381205203
-18.0,-17.56104033970276
-18.0,-17.561156805518706
-18.0,-17.56127320954907
-16.0,-17.560859188544153
-16.0,-17.560445387062565
-12.0,-17.558971640604295
-16.0,-17.55855855855856
-14.0,-17.557615894039735
-15.0,-17.556938559322035
-16.0,-17.556526343658987
-18.0,-17.5566437268396
-16.0,-17.556231807356443
-18.0,-17.556349206349207
-19.0,-17.556731023538745
-16.0,-17.556319407720782
-15.0,-17.555643669045732
-17.0,-17.55549682875264
-15.0,-17.554821664464992
-15.0,-17.554146856840994
-18.0,-17.554264589384736
-17.0,-17.55411826821542
-20.0,-17.554763789918184
-13.0,-17.553562005277044
-15.0,-17.55288841994197
